customer_id,email_address,first_name,last_name,sign_up_date,gender,state
1,tucmor@gmail.com,Tucker,Mora,,Male,Arkansas
2,cruwol@gmail.com,Cruz,Wolffe,,Male,New York
3,litsim@gmail.com,Litzy,Sims,,Female,New Mexico
4,tatkel12@yahoo.com,Tate,Keller,6/23/17,Male,Massachusetts
5,jaycab@gmail.com,Jayda,Cabrera,,Female,California
6,nicfie@gmail.com,Nick,Fields,4/26/17,Male,Massachusetts
7,tallin@gmail.com,Taliya,Lin,5/1/18,Female,Virginia
8,domwil12@yahoo.com,Dominic,Wilkerson,,Male,New Hampshire
9,tromcb@gmail.com,Troy,McBride,1/20/19,Male,New Jersey
10,rydkey@gmail.com,Ryder,Key,11/10/17,Male,Utah
11,jasjac@gmail.com,Jasmine,Jacobson,11/26/16,Female,Washington
12,jabfra12@yahoo.com,Jabari,Frazier,12/5/17,Male,New Hampshire
13,lesfre@gmail.com,Lesly,French,3/7/19,Female,Montana
14,wayrom@gmail.com,Waylon,Roman,7/3/17,Male,Nevada
15,lyrtyl@gmail.com,Lyric,Tyler,3/3/19,Male,Indiana
16,octman12@yahoo.com,Octavio,Manning,5/6/17,Male,Nevada
17,ailpea@gmail.com,Aileen,Pearson,,Female,New York
18,jesgon@gmail.com,Jesse,Gonzales,10/11/17,Male,Hawaii
19,mitgro@gmail.com,Mitchell,Gross,,Male,Mississippi
20,adobon12@yahoo.com,Adonis,Bond,8/5/17,Male,Georgia
21,olihan@gmail.com,Oliver,Hancock,8/12/18,Male,Maryland
22,thodic@gmail.com,Thomas,Dickerson,,Male,Georgia
24,dylcer12@yahoo.com,Dylan,Cervantes,,Male,California
26,jamgil@gmail.com,Jamie,Gill,3/25/18,Male,California
27,deaher@gmail.com,Deacon,Herrera,,Male,Massachusetts
28,tysjim12@yahoo.com,Tyson,Jimenez,1/26/18,Male,California
29,skygre@hotmail.com,Skyler,Gregory,5/14/17,Male,Maine
30,jayden@gmail.com,Jayden,Dennis,9/27/17,Male,California
31,marwel@gmail.com,Marquis,Wells,6/10/17,Male,Massachusetts
32,browil12@yahoo.com,Bronson,Wilkinson,8/31/18,Male,California
33,romwil@hotmail.com,Roman,Wiley,12/20/17,Male,New Hampshire
34,kaibel@gmail.com,Kai,Beltran,7/26/17,Male,New York
35,shayod@gmail.com,Shamar,Yoder,,Unknown,Unknown
36,abrfue12@yahoo.com,Abraham,Fuentes,,Male,New York
37,kenzha@hotmail.com,Kenneth,Zhang,4/5/18,Male,Nevada
38,augmcm@gmail.com,August,Mcmillan,,Male,New York
39,brusal@gmail.com,Bruno,Salazar,5/24/17,Male,Nevada
40,keacor12@yahoo.com,Keagan,Cortez,1/1/18,Male,Rhode Island
41,brerom@hotmail.com,Brenton,Roman,5/1/18,Male,Nevada
42,raivar@gmail.com,Raiden,Vargas,,Male,New York
43,isaand@gmail.com,Isaiah,Andrews,,Male,Hawaii
44,lawobr12@yahoo.com,Lawson,Obrien,,Male,New Jersey
45,brysal@hotmail.com,Bryce,Salinas,,Unknown,Unknown
46,zayber@gmail.com,Zayden,Berry,9/13/18,Male,New Jersey
47,lanmac@gmail.com,Landin,Mack,8/14/17,Male,California
48,easyor12@yahoo.com,Easton,York,4/20/18,Male,New Jersey
49,jamlow@hotmail.com,Jamari,Lowe,6/19/17,Male,Minnesota
50,criwoo@gmail.com,Cristofer,Wood,3/8/18,Male,South Carolina
51,theaus@gmail.com,Theodore,Austin,2/13/18,Male,California
52,tribla12@yahoo.com,Triston,Blankenship,,Male,South Carolina
53,jaeest@hotmail.com,Jaeden,Estes,,Male,New Mexico
54,brasan@gmail.com,Braydon,Sandoval,,Male,Indiana
55,isista@gmail.com,Isiah,Stanley,10/10/18,Male,California
56,chawee12@yahoo.com,Chance,Weeks,6/14/18,Male,Texas
57,savhar@hotmail.com,Savion,Harmon,8/13/18,Male,New York
58,lucbec@gmail.com,Lucian,Beck,5/13/17,Male,Texas
59,angval@gmail.com,Angel,Valencia,11/26/16,Male,New York
60,suljua12@yahoo.com,Sullivan,Juarez,,Male,Texas
61,charam@hotmail.com,Charles,Ramirez,9/23/16,Male,New York
62,ronpre@gmail.com,Ronnie,Preston,11/16/17,Male,Virginia
63,kaysum@gmail.com,Kayden,Summers,8/4/18,Male,New York
64,barwil12@yahoo.com,Baron,Wiley,8/21/17,Male,Pennsylvania
65,adawal@hotmail.com,Adan,Walker,10/14/17,Male,New York
66,corhol@gmail.com,Cory,Holmes,3/31/17,Male,Pennsylvania
67,aldbry@gmail.com,Aldo,Bryan,7/28/18,Male,New Jersey
68,dalsta12@yahoo.com,Dallas,Stark,9/3/18,Male,Minnesota
69,paxcas@hotmail.com,Paxton,Castro,,Male,New Jersey
70,wyaboo@gmail.com,Wyatt,Boone,5/25/18,Male,Florida
71,benpot@gmail.com,Bennett,Potts,8/14/18,Male,New Jersey
72,kyapat12@yahoo.com,Kyan,Patton,,Male,Tennessee
73,shamel@hotmail.com,Shane,Melton,10/28/16,Male,Alaska
74,alvjoy@gmail.com,Alvin,Joyce,12/28/16,Male,Ohio
75,gerdav@gmail.com,Gerald,Davidson,,Male,South Carolina
76,alahaa12@yahoo.com,Alan,Haas,,Male,Missouri
77,bresav@hotmail.com,Brett,Savage,10/16/16,Male,Indiana
78,lenril@gmail.com,Lennon,Riley,4/28/17,Male,Kansas
79,tysbla@gmail.com,Tyshawn,Blanchard,6/10/17,Male,Indiana
80,frenea12@yahoo.com,Freddy,Neal,3/31/17,Male,Montana
81,leovaz@hotmail.com,Leonardo,Vazquez,8/12/18,Male,Texas
82,brysal@gmail.com,Bryson,Salas,,Male,Michigan
83,zachua@gmail.com,Zackery,Huang,11/8/17,Male,Texas
84,robjoy12@yahoo.com,Roberto,Joyce,11/8/17,Unknown,North Carolina
85,corgai@hotmail.com,Corey,Gaines,,Male,Virginia
86,manhes@gmail.com,Manuel,Hess,8/11/18,Male,North Carolina
87,juskel@gmail.com,Justus,Kelley,2/20/17,Male,Virginia
88,elvhua12@yahoo.com,Elvis,Huang,,Male,Washington
89,jesbon@hotmail.com,Jessie,Bond,,Unknown,Unknown
90,efrweb@gmail.com,Efrain,Webb,5/25/17,Male,Oregon
91,jaypen@gmail.com,Jayvon,Pena,8/29/18,Male,Minnesota
92,dermcc12@yahoo.com,Dereon,Mccoy,9/23/17,Male,Alabama
93,janpit@hotmail.com,Jan,Pittman,,Male,Colorado
94,oswari@gmail.com,Oswaldo,Arias,,Male,Mississippi
95,crumck@gmail.com,Cruz,Mckee,4/13/18,Male,Florida
96,braglo12@yahoo.com,Braylen,Glover,4/28/17,Male,Illinois
97,chahue@hotmail.com,Chaz,Huerta,1/8/18,Male,Ohio
98,marbur@gmail.com,Marley,Burch,3/30/17,Male,Kentucky
99,rylban@gmail.com,Ryland,Banks,,Male,Missouri
100,rasbau12@yahoo.com,Rashad,Bautista,2/26/18,Male,Massachusetts
101,aloper@hotmail.com,Alonzo,Perez,,Male,Kansas
102,mighal@gmail.com,Miguel,Hale,3/28/17,Male,Massachusetts
103,joehes@gmail.com,Joe,Hester,,Male,Montana
104,levpar12@yahoo.com,Levi,Parks,4/28/17,Male,Massachusetts
105,margri@hotmail.com,Marcus,Griffith,1/10/18,Male,Michigan
106,cohfow@gmail.com,Cohen,Fowler,,Male,New Hampshire
107,bosphe@gmail.com,Boston,Phelps,,Male,Delaware
108,benper12@yahoo.com,Bentley,Perez,,Male,New Hampshire
109,jasrig@hotmail.com,Jase,Riggs,11/1/16,Male,North Carolina
110,aidsav@gmail.com,Aiden,Savage,12/16/17,Male,Nevada
111,phibes@gmail.com,Phillip,Best,,Male,Washington
112,ernwel12@yahoo.com,Ernest,Wells,6/24/17,Male,Nevada
113,rivhow@hotmail.com,River,Howell,9/22/17,Male,Oregon
114,jaycha@gmail.com,Jaylan,Chapman,,Male,Nevada
115,ellhor@gmail.com,Elliott,Horne,,Male,Iowa
116,sagboo12@yahoo.com,Sage,Booker,12/13/17,Male,Texas
117,neiwal@hotmail.com,Neil,Walters,11/9/16,Male,Alabama
118,jasmal@gmail.com,Jasiah,Malone,7/20/18,Male,Rhode Island
119,jaystr@gmail.com,Jaylon,Strickland,,Male,Illinois
120,jondav12@yahoo.com,Jonathon,Davis,9/6/18,Male,California
121,axecun@hotmail.com,Axel,Cunningham,3/7/17,Male,Vermont
122,jaymci@gmail.com,Jaylen,Mcintosh,,Male,California
123,ranand@gmail.com,Randall,Andrews,6/15/18,Male,Kentucky
124,geoval12@yahoo.com,Geovanni,Valentine,2/14/18,Male,California
125,lucwil@hotmail.com,Luca,Williamson,,Male,Massachusetts
126,kalmur@gmail.com,Kale,Murphy,10/19/17,Male,California
127,trinun@gmail.com,Tripp,Nunez,8/3/17,Male,Massachusetts
128,thairw12@yahoo.com,Thaddeus,Irwin,11/8/16,Male,California
129,ashras@hotmail.com,Ashton,Rasmussen,1/12/18,Male,New Hampshire
130,emmsal@gmail.com,Emmett,Salazar,9/17/17,Male,New York
131,fersul@gmail.com,Fernando,Sullivan,12/17/17,Male,Utah
132,armedw12@yahoo.com,Armando,Edwards,9/8/18,Male,Connecticut
133,hugpet@hotmail.com,Hugo,Petty,,Male,New Hampshire
134,corcer@gmail.com,Corbin,Cervantes,7/2/17,Unknown,New York
135,jaywol@gmail.com,Jaydon,Wolf,,Male,Nevada
136,marpac12@yahoo.com,Mario,Pacheco,2/6/17,Male,New York
137,germoo@hotmail.com,German,Moody,,Male,Nevada
138,daypat@gmail.com,Dayton,Patel,9/18/17,Male,New York
139,tyvan@gmail.com,Ty,Vang,,Male,Hawaii
140,zecdic12@yahoo.com,Zechariah,Dickerson,,Male,New Jersey
141,sorbec@hotmail.com,Soren,Becker,8/22/18,Male,Georgia
142,layter@gmail.com,Layton,Terrell,10/18/16,Male,New Jersey
143,flechu@gmail.com,Fletcher,Church,7/13/18,Male,Georgia
144,jamber12@yahoo.com,Jamir,Berg,11/26/17,Male,New Jersey
145,matpin@hotmail.com,Mateo,Pineda,10/8/18,Male,California
146,mavtre@gmail.com,Maverick,Trevino,7/19/18,Male,Alaska
147,milmar@gmail.com,Milo,Marshall,1/4/18,Male,California
148,kylagu12@yahoo.com,Kyle,Aguirre,,Male,South Carolina
149,andsav@hotmail.com,Andre,Savage,,Male,New Mexico
150,yaegra@gmail.com,Yael,Graham,8/19/18,Male,Indiana
151,tremil@gmail.com,Trenton,Mills,8/3/18,Male,California
152,leolyn12@yahoo.com,Leon,Lynch,4/14/18,Male,Indiana
153,kinval@hotmail.com,King,Valencia,,Male,California
154,jaqcle@gmail.com,Jaquan,Clements,12/24/16,Male,Texas
155,eliatk@gmail.com,Elian,Atkins,,Male,New York
156,jamand12@yahoo.com,Jamarion,Anderson,12/30/16,Male,Texas
157,jammor@hotmail.com,Jamal,Mora,9/26/17,Male,New York
158,samgra@gmail.com,Sam,Graham,10/14/17,Male,Virginia
159,domwya@gmail.com,Dominik,Wyatt,,Male,New York
160,dracar12@yahoo.com,Draven,Carpenter,9/11/18,Male,Virginia
161,guihen@hotmail.com,Guillermo,Henderson,1/11/17,Male,New York
162,paurod@gmail.com,Paul,Rodgers,8/6/17,Male,Pennsylvania
163,harsim@gmail.com,Harry,Simmons,10/5/17,Male,New York
164,rogboy12@yahoo.com,Rogelio,Boyle,2/27/18,Male,Minnesota
165,bracas@hotmail.com,Branson,Castro,11/22/17,Male,New Jersey
166,artnun@gmail.com,Arturo,Nunez,,Unknown,Unknown
167,carbea@gmail.com,Carmelo,Beard,,Male,New Jersey
168,antrei12@yahoo.com,Antwan,Reilly,11/17/17,Male,Florida
169,brochu@hotmail.com,Brodie,Chung,,Male,New Jersey
170,luiste@gmail.com,Luis,Stephens,10/13/17,Male,Ohio
171,danken@gmail.com,Dangelo,Kent,2/14/18,Male,South Carolina
172,nicmar12@yahoo.com,Nickolas,Marshall,4/11/17,Male,Missouri
173,ezemcc@hotmail.com,Ezequiel,Mcclain,9/3/17,Male,South Carolina
174,kelmol@gmail.com,Kelvin,Molina,,Male,Kansas
175,jayada@gmail.com,Jaylin,Adams,5/28/17,Male,Indiana
176,zachan12@yahoo.com,Zachary,Hanna,,Male,Montana
177,darsha@hotmail.com,Darius,Shah,5/6/18,Male,Texas
178,bilval@gmail.com,Billy,Valdez,5/6/17,Male,Michigan
179,kaeham@gmail.com,Kaeden,Hamilton,,Male,Texas
180,raybuc12@yahoo.com,Rayan,Buckley,,Male,Delaware
181,euggar@hotmail.com,Eugene,Garrison,,Male,Texas
182,mossan@gmail.com,Moses,Santiago,7/27/18,Male,North Carolina
183,camtre@gmail.com,Cameron,Trevino,3/28/18,Male,Virginia
184,alfkel12@yahoo.com,Alfredo,Kelley,,Unknown,Unknown
185,isswig@hotmail.com,Issac,Wiggins,8/17/18,Male,Pennsylvania
186,kadran@gmail.com,Kadyn,Randall,7/3/17,Male,Oregon
187,johbuc@gmail.com,Johnny,Buchanan,3/30/18,Male,Pennsylvania
188,ernpat12@yahoo.com,Ernesto,Patrick,,Male,Iowa
189,marspe@hotmail.com,Marshall,Spence,11/19/16,Male,Minnesota
190,rishub@gmail.com,Rishi,Hubbard,,Male,Alabama
191,omabea@gmail.com,Omar,Beasley,,Male,Florida
192,alolaw12@yahoo.com,Alonso,Lawson,1/23/18,Male,Illinois
193,densch@hotmail.com,Denzel,Schaefer,4/27/17,Male,Tennessee
194,brahoo@gmail.com,Brayden,Hoover,12/17/16,Male,Vermont
195,maxphi@gmail.com,Maximo,Phillips,3/30/18,Male,Ohio
196,jorhor12@yahoo.com,Jorge,Horton,4/2/18,Male,Kentucky
197,gushan@hotmail.com,Gustavo,Hansen,3/26/18,Male,Missouri
198,howcol@gmail.com,Howard,Cole,5/24/17,Male,Massachusetts
199,leebuc@gmail.com,Lee,Buchanan,12/15/17,Male,Kansas
200,traski12@yahoo.com,Travis,Skinner,7/18/18,Male,Massachusetts
201,jorken@hotmail.com,Jorden,Kennedy,,Male,Montana
202,juaobr@gmail.com,Juan,Obrien,,Male,New Hampshire
203,byrrot@gmail.com,Byron,Roth,,Male,Michigan
204,demadk12@yahoo.com,Demetrius,Adkins,,Male,Utah
205,zaihin@hotmail.com,Zaiden,Hines,,Male,North Carolina
206,beakra@gmail.com,Beau,Krause,3/30/18,Male,New Hampshire
207,brecha@gmail.com,Brendon,Charles,8/2/18,Male,North Carolina
208,edwrow12@yahoo.com,Edward,Rowland,8/28/17,Male,Nevada
209,matell@hotmail.com,Mathew,Ellison,8/22/18,Male,Washington
210,jadmad@gmail.com,Jadon,Madden,12/14/16,Male,Nevada
211,dongon@gmail.com,Donovan,Gonzales,3/13/17,Male,Oregon
212,elicro12@yahoo.com,Elisha,Cross,,Male,Hawaii
213,louhou@hotmail.com,Louis,House,1/8/18,Male,Alabama
214,skyhul@gmail.com,Skylar,Hull,5/15/18,Male,Georgia
215,jonhar@gmail.com,Jon,Hardin,,Male,Mississippi
216,becsno12@yahoo.com,Beckett,Snow,9/18/18,Male,Georgia
217,adispe@hotmail.com,Aditya,Spencer,,Male,Illinois
218,madfow@gmail.com,Madden,Fowler,5/27/18,Male,California
219,avebry@gmail.com,Avery,Bryan,,Male,Kentucky
220,harjen12@yahoo.com,Harold,Jensen,2/6/18,Male,California
221,jamcum@hotmail.com,Jamison,Cummings,,Male,Massachusetts
222,camkni@gmail.com,Camron,Knight,7/2/17,Male,Rhode Island
223,conmcc@gmail.com,Conor,Mccarty,,Male,Massachusetts
224,davveg12@yahoo.com,Davis,Vega,,Male,California
225,bragal@hotmail.com,Brandon,Gallegos,8/28/17,Male,Massachusetts
226,marbul@gmail.com,Markus,Bullock,12/24/17,Male,District of Columbia
227,ryaheb@gmail.com,Ryan,Hebert,5/4/18,Male,New Hampshire
228,colnor12@yahoo.com,Collin,Norris,1/29/17,Male,New York
229,damdua@hotmail.com,Damion,Duarte,7/30/17,Male,New Hampshire
230,davfar@gmail.com,David,Farrell,12/6/17,Male,Connecticut
231,brelin@gmail.com,Brennan,Lindsey,4/22/17,Male,Nevada
232,salste12@yahoo.com,Salvatore,Stewart,,Male,New York
233,reucon@hotmail.com,Reuben,Contreras,2/4/17,Male,Nevada
234,julrod@gmail.com,Julien,Rodriguez,10/11/18,Male,New York
235,felgol@gmail.com,Felix,Golden,6/9/17,Male,Nevada
236,marjac12@yahoo.com,Marlon,Jacobs,5/17/17,Male,New York
237,maxpac@hotmail.com,Maximus,Pace,3/16/18,Male,Hawaii
238,colhol@gmail.com,Cole,Holmes,9/19/17,Male,New Jersey
239,omamcf@gmail.com,Omari,Mcfarland,4/19/17,Male,Georgia
240,alfmor12@yahoo.com,Alfred,Morris,,Male,New Jersey
241,kodlar@hotmail.com,Kody,Larsen,5/20/17,Male,California
242,kasdav@gmail.com,Kash,Davis,11/6/16,Male,New Jersey
243,zavnie@gmail.com,Zavier,Nielsen,11/2/17,Male,California
244,gavtho12@yahoo.com,Gavyn,Thomas,6/30/18,Male,South Carolina
245,asaric@hotmail.com,Asa,Richmond,10/4/18,Unknown,California
246,zacmoy@gmail.com,Zachery,Moyer,4/11/17,Male,South Carolina
247,eligeo@gmail.com,Eli,George,11/21/17,Male,California
248,lukest12@yahoo.com,Luka,Estrada,,Male,Indiana
249,ezrduk@hotmail.com,Ezra,Duke,3/27/18,Male,California
250,tylben@gmail.com,Tyler,Benton,8/14/17,Male,Texas
251,nikodo@gmail.com,Nikhil,Odom,,Male,New York
252,waycol12@yahoo.com,Wayne,Coleman,9/29/18,Unknown,Texas
253,aceben@hotmail.com,Ace,Benton,11/12/17,Male,New York
254,jaclam@gmail.com,Jack,Lam,,Male,Texas
255,rhyell@gmail.com,Rhys,Ellison,,Male,New York
256,peyjoy12@yahoo.com,Peyton,Joyce,5/19/18,Male,Virginia
257,kamdau@hotmail.com,Kamden,Daugherty,7/11/18,Male,New York
258,dilarn@gmail.com,Dillon,Arnold,,Male,Pennsylvania
259,adacal@gmail.com,Adam,Calhoun,6/27/17,Male,New York
260,gaewal12@yahoo.com,Gael,Wallace,,Male,Pennsylvania
261,renkel@hotmail.com,Rene,Kelley,,Male,Connecticut
262,albbri@gmail.com,Alberto,Bright,12/23/16,Male,Minnesota
263,brasta@gmail.com,Braeden,Stark,,Male,New Jersey
264,urispe12@yahoo.com,Uriel,Spence,,Male,Florida
265,moidan@hotmail.com,Moises,Daniels,1/29/18,Male,New Jersey
266,jefkem@gmail.com,Jeffery,Kemp,4/6/17,Male,Tennessee
267,pathal@gmail.com,Patrick,Hale,,Male,Alaska
268,aaryu12@yahoo.com,Aaron,Yu,12/24/17,Male,Ohio
269,shawal@hotmail.com,Shaun,Walker,,Male,South Carolina
270,eanale@gmail.com,Ean,Alexander,8/29/17,Male,Missouri
271,matgay@gmail.com,Matteo,Gay,1/7/18,Male,Indiana
272,jospot12@yahoo.com,Joshua,Potter,11/20/16,Male,Kansas
273,isrtru@hotmail.com,Israel,Trujillo,12/9/17,Male,Indiana
274,davmas@gmail.com,Davin,Mason,8/11/18,Male,Montana
275,jaxali@gmail.com,Jax,Ali,12/20/17,Male,Texas
276,demgre12@yahoo.com,Demarion,Greer,,Male,Michigan
277,riccar@hotmail.com,Richard,Carlson,2/17/18,Male,Texas
278,humhol@gmail.com,Humberto,Holden,,Male,North Carolina
279,jeapin@gmail.com,Jean,Pineda,1/26/18,Male,Virginia
280,benmac12@yahoo.com,Benjamin,Macias,10/25/17,Male,North Carolina
281,carrus@hotmail.com,Carlos,Rush,5/8/17,Male,Virginia
282,clalit@gmail.com,Clay,Little,4/14/17,Male,Washington
283,carbra@gmail.com,Carsen,Bray,12/3/16,Male,Pennsylvania
284,eriluc12@yahoo.com,Erick,Lucas,,Male,Oregon
285,braalv@hotmail.com,Bradyn,Alvarez,3/1/18,Male,Minnesota
286,jenflo@gmail.com,Jensen,Flowers,3/1/17,Male,Alabama
287,jacper@gmail.com,Jace,Perry,1/18/18,Male,Colorado
288,marjac12@yahoo.com,Mark,Jacobson,12/23/17,Unknown,Mississippi
289,yurhes@hotmail.com,Yurem,Hester,5/14/18,Male,Florida
290,jetwil@gmail.com,Jett,Wilson,,Male,Illinois
291,maxjar@gmail.com,Maxim,Jarvis,,Male,Ohio
292,mathue12@yahoo.com,Mathias,Huerta,,Male,Kentucky
293,kolchr@hotmail.com,Kolby,Christensen,,Male,Missouri
294,lorheb@gmail.com,Lorenzo,Hebert,4/6/18,Male,Massachusetts
295,denkoc@gmail.com,Dennis,Koch,3/11/18,Male,Kansas
296,emachu12@yahoo.com,Emanuel,Church,8/18/18,Male,District of Columbia
297,canhea@hotmail.com,Cannon,Heath,2/16/18,Male,Montana
298,evepor@gmail.com,Everett,Porter,,Male,Massachusetts
299,pargal@gmail.com,Parker,Gallagher,3/27/17,Male,Michigan
300,trahin12@yahoo.com,Trace,Hinton,,Male,New Hampshire
301,tregam@hotmail.com,Trevor,Gamble,11/11/16,Male,Delaware
302,makhal@gmail.com,Makhi,Haley,8/14/17,Male,New Hampshire
303,jamcar@gmail.com,Jamarcus,Carrillo,3/10/18,Male,North Carolina
304,micdav12@yahoo.com,Michaela,Davidson,3/14/18,Female,Nevada
305,jadwag@hotmail.com,Jaden,Wagner,8/25/18,Male,Washington
306,felbal@gmail.com,Felicity,Ballard,,Female,Nevada
307,craeri@gmail.com,Craig,Erickson,,Male,Oregon
308,eilrya12@yahoo.com,Eileen,Ryan,4/10/17,Female,Nevada
309,quehar@hotmail.com,Quentin,Harrell,,Male,Iowa
310,makbra@gmail.com,Makenna,Bradford,,Female,Hawaii
311,alewis@gmail.com,Alessandro,Wise,1/11/17,Male,Alabama
312,aliper12@yahoo.com,Alina,Perry,,Female,Georgia
313,tyrcra@hotmail.com,Tyrese,Craig,8/31/18,Male,Illinois
314,makmay@gmail.com,Makaila,Mays,6/24/17,Female,California
315,marvil@gmail.com,Marc,Villanueva,8/9/18,Male,Vermont
316,briwhi12@yahoo.com,Briley,Whitney,7/1/18,Female,California
317,tancan@hotmail.com,Tanner,Cantrell,5/6/18,Male,Kentucky
318,celkir@gmail.com,Celeste,Kirby,,Female,California
319,preesp@gmail.com,Preston,Espinoza,,Male,Massachusetts
320,rylvin12@yahoo.com,Ryleigh,Vincent,3/24/18,Female,California
321,kardaw@hotmail.com,Kareem,Dawson,3/31/18,Male,Massachusetts
322,annhes@gmail.com,Annabella,Hester,,Female,California
323,briwin@gmail.com,Bridger,Winters,,Male,New Hampshire
324,belaus12@yahoo.com,Belen,Austin,6/5/17,Female,New York
325,lanboo@hotmail.com,Lane,Boone,11/16/17,Male,Utah
326,tesmay@gmail.com,Tess,Maynard,4/10/18,Female,New York
327,laihug@gmail.com,Lainey,Hughes,7/24/18,Female,New Hampshire
328,arawil12@yahoo.com,Arabella,Wilkins,6/23/17,Female,New York
329,anslyn@hotmail.com,Ansley,Lynch,5/27/17,Female,Nevada
330,jaddun@gmail.com,Jaden,Dunlap,,Female,New York
331,alisch@gmail.com,Alice,Schroeder,,Female,Nevada
332,izaeve12@yahoo.com,Izabelle,Everett,,Female,New York
333,giubar@hotmail.com,Giuliana,Barrett,,Female,Hawaii
334,karpit@gmail.com,Karissa,Pittman,10/6/18,Female,New Jersey
335,brofin@gmail.com,Brooke,Finley,8/18/17,Female,Georgia
336,claho12@yahoo.com,Clarissa,Ho,7/14/18,Female,New Jersey
337,donfos@hotmail.com,Donna,Foster,,Female,Georgia
338,mirsco@gmail.com,Mira,Scott,5/24/17,Female,New Jersey
339,morzim@gmail.com,Moriah,Zimmerman,,Female,California
340,amifin12@yahoo.com,Amiah,Finley,1/11/17,Female,Alaska
341,alamcc@hotmail.com,Alayna,Mccormick,6/10/17,Female,California
342,karran@gmail.com,Karley,Rangel,,Female,South Carolina
343,abigle@gmail.com,Abigayle,Glenn,,Female,California
344,bayspe12@yahoo.com,Baylee,Spence,8/1/17,Female,Indiana
345,deland@hotmail.com,Delilah,Anderson,7/22/18,Female,California
346,lexric@gmail.com,Lexie,Richardson,9/8/18,Female,Indiana
347,alemos@gmail.com,Aleena,Mosley,,Female,California
348,adymcd12@yahoo.com,Adyson,Mcdowell,10/22/17,Female,Texas
349,alenov@hotmail.com,Aleah,Novak,2/1/18,Female,New York
350,camtyl@gmail.com,Campbell,Tyler,11/6/17,Female,Texas
351,dylvau@gmail.com,Dylan,Vaughan,8/2/17,Female,New York
352,norhun12@yahoo.com,Norah,Hunt,1/4/18,Female,Virginia
353,abivel@hotmail.com,Abigail,Velez,,Female,New York
354,keecal@gmail.com,Keely,Callahan,,Female,Virginia
355,kimwat@gmail.com,Kimora,Watkins,,Female,New Mexico
356,jasmcd12@yahoo.com,Jaslyn,Mcdaniel,5/24/17,Female,Pennsylvania
357,martho@hotmail.com,Marin,Thomas,3/2/17,Female,New York
358,carkin@gmail.com,Carleigh,King,4/23/18,Female,Minnesota
359,maidou@gmail.com,Maia,Dougherty,,Female,New Jersey
360,madjua12@yahoo.com,Madalyn,Juarez,8/7/18,Female,Colorado
361,araros@hotmail.com,Araceli,Rosario,5/8/18,Female,New Jersey
362,ememar@gmail.com,Emerson,Martinez,9/19/17,Female,Florida
363,ivycol@gmail.com,Ivy,Collins,9/29/18,Female,New Mexico
364,virgra12@yahoo.com,Virginia,Graves,2/23/17,Female,Ohio
365,elecal@hotmail.com,Elena,Calhoun,,Female,South Carolina
366,machen@gmail.com,Mackenzie,Henry,,Female,Missouri
367,genkoc@gmail.com,Genesis,Koch,11/22/16,Female,South Carolina
368,alivel12@yahoo.com,Alicia,Velez,12/5/16,Female,Kansas
369,nylmcc@hotmail.com,Nyla,Mccormick,,Female,Indiana
370,angril@gmail.com,Angelique,Riley,,Female,Montana
371,deavan@gmail.com,Deanna,Vang,5/8/17,Female,Texas
372,chltho12@yahoo.com,Chloe,Thornton,9/22/17,Female,Michigan
373,jolhar@hotmail.com,Jolie,Harrison,,Female,Texas
374,gabarm@gmail.com,Gabriella,Armstrong,9/21/17,Female,Delaware
375,caivin@gmail.com,Caitlin,Vincent,,Female,Texas
376,lilble12@yahoo.com,Liliana,Blevins,6/13/17,Female,North Carolina
377,marhar@hotmail.com,Mareli,Harrison,,Female,Virginia
378,skysma@gmail.com,Skyler,Small,,Female,Nebraska
379,sonfis@gmail.com,Sonia,Fisher,6/16/17,Female,Pennsylvania
380,britur12@yahoo.com,Brisa,Turner,,Female,Oregon
381,kilgay@hotmail.com,Kiley,Gay,2/23/18,Female,Pennsylvania
382,marbra@gmail.com,Mary,Bray,,Unknown,Unknown
383,sargil@gmail.com,Sarahi,Gilbert,,Female,Minnesota
384,natweb12@yahoo.com,Natalya,Webster,6/2/18,Female,Alabama
385,zoiriv@hotmail.com,Zoie,Rivers,2/2/18,Female,Florida
386,laycon@gmail.com,Laylah,Conley,1/31/17,Female,Illinois
387,tiacla@gmail.com,Tianna,Clark,,Female,Tennessee
388,leshun12@yahoo.com,Lesly,Hunt,1/11/17,Female,Vermont
389,jimmor@hotmail.com,Jimena,Morse,10/4/18,Female,Ohio
390,alibra@gmail.com,Alia,Bradshaw,10/28/17,Female,Kentucky
391,brifau@gmail.com,Briana,Faulkner,2/14/17,Female,Missouri
392,kaiyat12@yahoo.com,Kailyn,Yates,,Female,Massachusetts
393,addsma@hotmail.com,Addyson,Small,7/12/17,Female,Kansas
394,jundor@gmail.com,June,Dorsey,5/8/17,Female,Massachusetts
395,tarort@gmail.com,Taryn,Ortiz,6/16/17,Female,Montana
396,daypar12@yahoo.com,Dayana,Parsons,4/9/18,Female,New Hampshire
397,yastan@hotmail.com,Yasmin,Tanner,1/7/17,Female,Michigan
398,skyhof@gmail.com,Skye,Hoffman,5/31/17,Female,Utah
399,desbur@gmail.com,Desiree,Burton,,Female,North Carolina
400,isllee12@yahoo.com,Isla,Lee,12/24/17,Female,New Hampshire
401,aylmar@hotmail.com,Aylin,Marquez,9/8/17,Female,North Carolina
402,myllaw@gmail.com,Myla,Lawrence,,Female,Nevada
403,anarob@gmail.com,Anastasia,Roberson,3/4/18,Female,Washington
404,kaimue12@yahoo.com,Kaitlyn,Mueller,12/15/17,Female,Nevada
405,leygil@hotmail.com,Leyla,Gillespie,2/10/18,Female,Oregon
406,julwhi@gmail.com,Juliette,Whitehead,5/29/17,Female,Hawaii
407,rubeng@gmail.com,Rubi,English,,Female,Alabama
408,sofada12@yahoo.com,Sofia,Adams,,Female,Georgia
409,audriv@hotmail.com,Audrey,Rivas,12/3/17,Female,Mississippi
410,natdil@gmail.com,Nathaly,Dillon,,Female,Georgia
411,sopwoo@gmail.com,Sophia,Woodard,,Female,Illinois
412,marbut12@yahoo.com,Marilyn,Butler,8/11/18,Female,California
413,ingobr@hotmail.com,Ingrid,Obrien,6/18/17,Female,Kentucky
414,brybis@gmail.com,Brynn,Bishop,1/6/18,Female,California
415,perwal@gmail.com,Perla,Walls,,Female,Massachusetts
416,grafry12@yahoo.com,Gracelyn,Fry,3/14/18,Female,California
417,calwil@hotmail.com,Callie,Wiley,1/16/17,Female,Massachusetts
418,valing@gmail.com,Valery,Ingram,5/27/18,Female,California
419,vivgra@gmail.com,Viviana,Graves,,Female,Massachusetts
420,annle12@yahoo.com,Annabel,Le,6/4/18,Female,California
421,samhuf@hotmail.com,Samara,Huffman,12/31/16,Female,New Hampshire
422,jayhan@gmail.com,Jayden,Haney,4/24/18,Female,New York
423,abbgat@gmail.com,Abby,Gates,7/11/17,Female,New Hampshire
424,kirree12@yahoo.com,Kirsten,Reeves,,Female,New York
425,kayatk@hotmail.com,Kaylah,Atkinson,1/4/18,Female,Nevada
426,jamhol@gmail.com,Jamiya,Holt,9/3/17,Female,New York
427,krisin@gmail.com,Kristen,Singh,12/23/17,Female,Nevada
428,yarhar12@yahoo.com,Yaritza,Hartman,7/13/18,Female,New York
429,heimcc@hotmail.com,Heidi,Mccoy,8/13/17,Female,Nevada
430,jazchr@gmail.com,Jazlene,Christensen,,Female,New York
431,savcra@gmail.com,Savannah,Crane,,Female,Hawaii
432,valhoo12@yahoo.com,Valerie,Hoover,7/31/17,Female,New Jersey
433,noelow@hotmail.com,Noemi,Lowe,11/25/16,Female,Georgia
434,desbla@gmail.com,Destiney,Black,7/10/18,Female,New Jersey
435,taleat@gmail.com,Taliyah,Eaton,6/24/18,Female,California
436,amejor12@yahoo.com,Amelia,Jordan,7/27/17,Female,New Jersey
437,reehal@hotmail.com,Reese,Hale,,Female,California
438,roswhi@gmail.com,Rosa,Whitaker,9/27/18,Female,South Carolina
439,katpar@gmail.com,Katelyn,Parrish,,Female,California
440,lismej12@yahoo.com,Lisa,Mejia,,Female,South Carolina
441,kamken@hotmail.com,Kamila,Kennedy,1/30/18,Female,California
442,ariper@gmail.com,Arielle,Perry,8/7/18,Female,Indiana
443,elibes@gmail.com,Elisa,Best,,Female,California
444,caspin12@yahoo.com,Cassidy,Pineda,6/17/18,Female,Texas
445,heacas@hotmail.com,Heather,Casey,,Female,New York
446,longra@gmail.com,London,Grant,5/20/17,Female,Texas
447,aubmck@gmail.com,Aubree,Mckay,10/7/17,Female,New York
448,jaymay12@yahoo.com,Jaylyn,Mays,3/1/17,Female,Texas
449,khlmor@hotmail.com,Khloe,Mora,11/14/16,Female,New York
450,shyrub@gmail.com,Shyla,Rubio,,Female,Virginia
451,janvel@gmail.com,Janessa,Velazquez,,Female,New York
452,ailhar12@yahoo.com,Aileen,Harper,7/9/17,Female,Pennsylvania
453,martyl@hotmail.com,Maribel,Tyler,,Female,New York
454,siepar@gmail.com,Sierra,Parker,10/20/17,Female,Pennsylvania
455,marwal@gmail.com,Martha,Walton,,Female,New Jersey
456,larbry12@yahoo.com,Lara,Bryant,12/11/16,Female,Minnesota
457,johtay@hotmail.com,Johanna,Taylor,8/11/18,Female,New Jersey
458,sanrui@gmail.com,Saniya,Ruiz,,Female,Florida
459,alehow@gmail.com,Alexa,Howe,2/28/17,Female,New Jersey
460,amigre12@yahoo.com,Amina,Green,6/4/17,Female,Tennessee
461,lanyor@hotmail.com,Laney,York,,Female,Alaska
462,alabus@gmail.com,Alani,Bush,,Female,Ohio
463,tanmcg@gmail.com,Taniyah,Mcguire,,Female,South Carolina
464,grabal12@yahoo.com,Grace,Ballard,5/6/17,Female,Missouri
465,arikim@hotmail.com,Ariella,Kim,2/15/18,Female,Indiana
466,lizyou@gmail.com,Lizbeth,Young,5/16/18,Female,Kansas
467,pauho@gmail.com,Paula,Ho,,Female,Indiana
468,alinic12@yahoo.com,Aliya,Nichols,11/9/16,Female,Montana
469,kampha@hotmail.com,Kamari,Pham,,Female,Texas
470,avamcc@gmail.com,Avah,Mcclain,3/14/18,Female,Michigan
471,heltyl@gmail.com,Helena,Tyler,,Female,Texas
472,kendur12@yahoo.com,Kennedy,Duran,7/28/17,Female,North Carolina
473,nolski@hotmail.com,Nola,Skinner,5/14/18,Female,Virginia
474,taycur@gmail.com,Taylor,Curry,3/10/17,Female,North Carolina
475,amezav@gmail.com,Amelie,Zavala,,Female,Virginia
476,angspe12@yahoo.com,Angeline,Spears,,Female,Washington
477,selmor@hotmail.com,Selina,Morgan,3/19/17,Female,Pennsylvania
478,bremar@gmail.com,Brenna,Marks,12/7/17,Female,Nebraska
479,diadow@gmail.com,Diana,Downs,,Female,Minnesota
480,hanhin12@yahoo.com,Hannah,Hinton,8/5/17,Female,Alabama
481,marrho@hotmail.com,Margaret,Rhodes,11/3/17,Female,Colorado
482,betmal@gmail.com,Bethany,Maldonado,6/2/17,Female,Mississippi
483,carfis@gmail.com,Carmen,Fisher,,Female,Florida
484,camhou12@yahoo.com,Cameron,Houston,10/14/17,Female,Illinois
485,catgom@hotmail.com,Catherine,Gomez,,Female,Ohio
486,chapre@gmail.com,Charlie,Preston,8/6/18,Female,Kentucky
487,denabb@gmail.com,Denise,Abbott,,Female,Missouri
488,rebmue12@yahoo.com,Rebekah,Mueller,,Female,Massachusetts
489,bricha@hotmail.com,Brittany,Charles,10/9/18,Female,Kansas
490,molval@gmail.com,Molly,Valenzuela,,Female,Massachusetts
491,havhoo@gmail.com,Haven,Hooper,6/9/17,Female,Montana
492,terher12@yahoo.com,Teresa,Herman,9/5/17,Female,Massachusetts
493,haymac@hotmail.com,Hayden,Macdonald,,Female,Michigan
494,viopat@gmail.com,Violet,Patel,6/7/18,Female,New Hampshire
495,kenpar@gmail.com,Kennedi,Parsons,5/17/17,Female,Delaware
496,chekna12@yahoo.com,Cheyenne,Knapp,,Female,New Hampshire
497,salcof@hotmail.com,Salma,Coffey,,Female,North Carolina
498,linvil@gmail.com,Lina,Villanueva,,Female,Nevada
499,kieyu@gmail.com,Kiera,Yu,,Female,Washington
500,sarcox12@yahoo.com,Sara,Cox,,Female,Nevada
501,gresim@hotmail.com,Gretchen,Sims,3/14/17,Female,Oregon
502,monnel@gmail.com,Monique,Nelson,,Female,Nevada
503,alacro@gmail.com,Alannah,Cross,,Female,Iowa
504,rospay12@yahoo.com,Rosemary,Payne,1/30/17,Female,Hawaii
505,wiland@hotmail.com,Willow,Andersen,6/26/18,Female,Alabama
506,aleram@gmail.com,Alessandra,Ramos,2/11/17,Female,Georgia
507,isajen@gmail.com,Isabela,Jenkins,,Female,Illinois
508,cineva12@yahoo.com,Cindy,Evans,1/7/17,Female,California
509,diymcc@hotmail.com,Diya,Mccoy,,Female,Vermont
510,aricho@gmail.com,Ariana,Choi,,Female,California
511,lilber@gmail.com,Lilah,Berg,8/31/18,Female,Kentucky
512,debhoo12@yahoo.com,Deborah,Hooper,10/12/18,Female,California
513,cadfox@hotmail.com,Cadence,Fox,3/4/17,Female,Massachusetts
514,kaywat@gmail.com,Kaylee,Watts,,Female,California
515,selmoo@gmail.com,Selah,Moody,5/2/17,Female,Massachusetts
516,liazun12@yahoo.com,Lia,Zuniga,4/18/18,Female,California
517,jenmas@hotmail.com,Jenna,Massey,6/4/17,Unknown,New Hampshire
518,alenor@gmail.com,Alexis,Norman,2/20/18,Female,New York
519,milhor@gmail.com,Miley,Horn,1/10/17,Female,Utah
520,domjac12@yahoo.com,Dominique,Jackson,12/12/17,Female,New York
521,aprste@hotmail.com,April,Stevens,9/12/18,Female,New Hampshire
522,natdye@gmail.com,Natalie,Dyer,,Female,New York
523,miavan@gmail.com,Miah,Vance,,Female,Nevada
524,camwei12@yahoo.com,Camila,Weiss,11/15/16,Female,New York
525,makcam@hotmail.com,Makenzie,Camacho,,Female,Nevada
526,annmac@gmail.com,Annika,Mack,12/22/16,Female,New York
527,kasbar@gmail.com,Kassandra,Barajas,,Female,Hawaii
528,aveodo12@yahoo.com,Averie,Odom,,Female,New Jersey
529,allser@hotmail.com,Ally,Serrano,,Female,Georgia
530,corhut@gmail.com,Cora,Hutchinson,,Female,New Jersey
531,nadcam@gmail.com,Nadia,Cameron,,Female,Georgia
532,mercle12@yahoo.com,Meredith,Clements,,Female,New Jersey
533,mckell@hotmail.com,Mckayla,Ellis,11/27/16,Female,California
534,mckbuc@gmail.com,Mckenna,Buck,2/12/18,Female,Alaska
535,ximkem@gmail.com,Ximena,Kemp,9/13/17,Female,California
536,jangar12@yahoo.com,Janet,Garza,1/16/17,Female,South Carolina
537,judman@hotmail.com,Judith,Manning,5/14/17,Female,California
538,adilar@gmail.com,Adison,Larsen,1/31/18,Female,Indiana
539,hopbec@gmail.com,Hope,Becker,2/22/18,Female,California
540,amysot12@yahoo.com,Amya,Soto,,Female,Indiana
541,daizim@hotmail.com,Daisy,Zimmerman,7/12/17,Female,California
542,sabric@gmail.com,Sabrina,Rice,,Female,Texas
543,lonall@gmail.com,Londyn,Allison,,Female,New York
544,kalbai12@yahoo.com,Kaleigh,Bailey,,Female,Texas
545,annone@hotmail.com,Anne,Oneill,,Female,New York
546,chrham@gmail.com,Christina,Hammond,10/24/16,Female,Virginia
547,valkni@gmail.com,Valeria,Knight,6/14/18,Female,New York
548,natpar12@yahoo.com,Nataly,Park,,Female,Virginia
549,diapro@hotmail.com,Diamond,Proctor,5/18/17,Female,New York
550,kyrgri@gmail.com,Kyra,Griffin,8/10/17,Female,Pennsylvania
551,kaiwil@gmail.com,Kaitlin,Wilkins,10/21/16,Female,New York
552,patbur12@yahoo.com,Patience,Burch,2/3/17,Female,Minnesota
553,katsco@hotmail.com,Katherine,Scott,3/4/18,Female,New Jersey
554,anagon@gmail.com,Anabella,Gonzales,12/8/17,Female,Colorado
555,shahol@gmail.com,Shannon,Holland,,Female,New Jersey
556,alator12@yahoo.com,Alana,Torres,8/11/17,Female,Florida
557,addyat@hotmail.com,Addisyn,Yates,,Female,New Jersey
558,carham@gmail.com,Carley,Hamilton,1/28/18,Female,Ohio
559,nyabal@gmail.com,Nyasia,Baldwin,4/15/18,Female,South Carolina
560,mckriv12@yahoo.com,Mckenzie,Rivas,11/11/17,Female,Missouri
561,mirtho@hotmail.com,Miranda,Thomas,2/23/18,Female,South Carolina
562,kalleo@gmail.com,Kaley,Leon,9/17/18,Female,Kansas
563,eliqui@gmail.com,Eliza,Quinn,8/22/17,Female,Indiana
564,harhen12@yahoo.com,Harmony,Henderson,8/7/18,Female,Montana
565,naokey@hotmail.com,Naomi,Key,11/6/17,Female,Texas
566,regzim@gmail.com,Regina,Zimmerman,,Female,Michigan
567,palgoo@gmail.com,Paloma,Goodwin,,Female,Texas
568,briric12@yahoo.com,Brielle,Rich,10/19/16,Female,Delaware
569,vivmcb@hotmail.com,Vivian,Mcbride,,Female,Texas
570,marchr@gmail.com,Marely,Christian,8/6/18,Female,Nebraska
571,elapet@gmail.com,Elaina,Peters,6/1/17,Female,Virginia
572,dankey12@yahoo.com,Danna,Key,9/17/16,Female,Washington
573,raewoo@hotmail.com,Raelynn,Woodard,,Female,Pennsylvania
574,alyhod@gmail.com,Alyssa,Hodge,11/16/16,Female,Oregon
575,aremay@gmail.com,Arely,Mayer,3/16/18,Female,Pennsylvania
576,jaygil12@yahoo.com,Jaylah,Gillespie,2/26/18,Unknown,Iowa
577,laufry@hotmail.com,Lauryn,Frye,,Female,Minnesota
578,rutbar@gmail.com,Ruth,Barajas,10/23/17,Female,Alabama
579,harnor@gmail.com,Harper,Norris,8/18/17,Female,Florida
580,angsul12@yahoo.com,Angie,Sullivan,,Female,Illinois
581,phokei@hotmail.com,Phoenix,Keith,5/28/18,Female,Tennessee
582,mikpit@gmail.com,Mikayla,Pitts,12/31/17,Female,Vermont
583,parrit@gmail.com,Paris,Ritter,8/6/18,Female,Ohio
584,desbar12@yahoo.com,Desirae,Barber,,Female,Kentucky
585,melspe@hotmail.com,Melanie,Spears,,Female,Missouri
586,parter@gmail.com,Parker,Terrell,4/3/17,Female,Massachusetts
587,marcra@gmail.com,Marlene,Crawford,,Female,Kansas
588,laupug12@yahoo.com,Laurel,Pugh,,Female,Massachusetts
589,jashay@hotmail.com,Jaslene,Hayden,9/15/18,Female,Montana
590,ellmcp@gmail.com,Elle,Mcpherson,,Female,New Hampshire
591,raemer@gmail.com,Raegan,Mercer,6/13/18,Female,Michigan
592,riybry12@yahoo.com,Riya,Bryan,3/8/18,Female,Utah
593,sopagu@hotmail.com,Sophie,Aguilar,5/27/18,Unknown,North Carolina
594,anggal@gmail.com,Angelica,Gallegos,8/2/18,Female,New Hampshire
595,kaipet@gmail.com,Kailee,Petty,,Female,North Carolina
596,ashlyn12@yahoo.com,Ashley,Lynch,6/20/17,Female,Nevada
597,criflo@hotmail.com,Cristal,Flowers,1/14/18,Female,Washington
598,brache@gmail.com,Braelyn,Chen,11/30/16,Female,Nevada
599,marhal@gmail.com,Maryjane,Hale,,Female,Oregon
600,shalow12@yahoo.com,Shaylee,Lowery,4/18/17,Female,Hawaii
601,kaymic@hotmail.com,Kayleigh,Michael,4/14/17,Female,Alabama
602,rosgai@gmail.com,Roselyn,Gaines,,Female,Georgia
603,kenswe@gmail.com,Kendra,Sweeney,,Female,Mississippi
604,haypon12@yahoo.com,Hayley,Ponce,7/28/17,Female,Georgia
605,sergar@hotmail.com,Serena,Garrett,9/6/18,Female,Illinois
606,dakjor@gmail.com,Dakota,Jordan,7/10/17,Female,California
607,chafre@gmail.com,Chasity,Freeman,2/23/17,Female,Kentucky
608,emifig12@yahoo.com,Emily,Figueroa,9/30/17,Female,California
609,maesol@hotmail.com,Maeve,Solis,6/12/17,Female,Massachusetts
610,katgol@gmail.com,Kathryn,Golden,,Female,California
611,tamwan@gmail.com,Tamara,Wang,9/30/17,Female,Massachusetts
612,reyrit12@yahoo.com,Reyna,Ritter,10/3/17,Female,California
613,aalhea@hotmail.com,Aaliyah,Heath,,Female,Massachusetts
614,nayari@gmail.com,Nayeli,Arias,9/4/18,Female,California
615,elibis@gmail.com,Elianna,Bishop,,Female,New Hampshire
616,jaclow12@yahoo.com,Jacey,Lowery,10/9/18,Female,New York
617,caihod@hotmail.com,Cailyn,Hodges,7/3/17,Female,New Hampshire
618,ryaken@gmail.com,Ryan,Kent,,Female,New York
619,sydkra@gmail.com,Sydnee,Krause,,Female,Nevada
620,myaslo12@yahoo.com,Mya,Sloan,9/7/17,Female,New York
621,dannew@hotmail.com,Danielle,Newton,3/17/17,Female,Nevada
622,gabper@gmail.com,Gabrielle,Perez,,Female,New York
623,norcal@gmail.com,Nora,Calderon,8/26/17,Female,Nevada
624,miyhal12@yahoo.com,Miya,Haley,,Female,New York
625,nathah@hotmail.com,Nathalie,Hahn,8/7/17,Female,Hawaii
626,lairoa@gmail.com,Laila,Roach,,Female,New Jersey
627,akimel@gmail.com,Akira,Melton,8/11/18,Female,Georgia
628,alywoo12@yahoo.com,Alyvia,Woodard,,Female,New Jersey
629,brybra@hotmail.com,Brylee,Bradford,2/16/17,Female,California
630,caiper@gmail.com,Caitlyn,Perkins,6/1/18,Female,New Jersey
631,lilgal@gmail.com,Lilian,Galvan,3/16/17,Female,California
632,lilboy12@yahoo.com,Lilyana,Boyer,,Female,South Carolina
633,jalbur@hotmail.com,Jaliyah,Burke,6/15/18,Female,California
634,jadrus@gmail.com,Jadyn,Russell,12/17/17,Female,South Carolina
635,pauarc@gmail.com,Paulina,Archer,,Female,California
636,lydmcl12@yahoo.com,Lydia,Mclean,10/13/17,Female,Indiana
637,kingla@hotmail.com,Kinley,Glass,8/20/18,Female,California
638,danhug@gmail.com,Dania,Hughes,5/4/18,Female,Texas
639,melhur@gmail.com,Melany,Hurley,10/12/18,Female,New York
640,jazcha12@yahoo.com,Jazlyn,Charles,7/6/18,Female,Texas
641,calgom@hotmail.com,Cali,Gomez,11/25/17,Female,New York
642,zarcas@gmail.com,Zara,Castaneda,3/14/18,Female,Texas
643,elipie@gmail.com,Elise,Pierce,,Female,New York
644,gwejoh12@yahoo.com,Gwendolyn,Johnston,3/19/17,Female,Virginia
645,hayban@hotmail.com,Haylie,Banks,8/7/17,Female,New York
646,aliguz@gmail.com,Alisha,Guzman,5/29/18,Female,Pennsylvania
647,emibra@gmail.com,Emilie,Branch,6/25/17,Female,New York
648,yosnor12@yahoo.com,Yoselin,Norton,6/25/18,Female,Pennsylvania
649,sidmck@hotmail.com,Sidney,Mckenzie,12/9/16,Female,New Jersey
650,lizsan@gmail.com,Lizeth,Sanders,,Female,Minnesota
651,reagib@gmail.com,Reagan,Gibbs,8/24/17,Female,New Jersey
652,jormor12@yahoo.com,Jordyn,Mora,9/29/17,Female,Florida
653,faimil@hotmail.com,Faith,Mills,,Female,New Jersey
654,rylpec@gmail.com,Rylie,Peck,1/6/18,Female,Tennessee
655,clapra@gmail.com,Clare,Pratt,4/26/17,Female,Alaska
656,leikir12@yahoo.com,Leia,Kirby,3/15/17,Female,Ohio
657,gisrob@hotmail.com,Gisselle,Roberson,8/6/18,Female,South Carolina
658,mayweb@gmail.com,Maya,Webb,5/20/18,Female,Missouri
659,danspe@gmail.com,Daniela,Spence,,Female,Indiana
660,ciacon12@yahoo.com,Ciara,Conway,3/13/18,Female,Maryland
661,sancru@hotmail.com,Sandra,Cruz,7/31/17,Female,Indiana
662,karrit@gmail.com,Karina,Ritter,1/21/18,Female,Montana
663,saidea@gmail.com,Saige,Dean,5/7/18,Female,Texas
664,alemac12@yahoo.com,Alena,Macdonald,2/17/18,Female,Michigan
665,haiaya@hotmail.com,Hailee,Ayala,8/24/18,Female,Texas
666,joyada@gmail.com,Joy,Adams,5/2/17,Female,North Carolina
667,raqgla@gmail.com,Raquel,Glass,7/25/17,Female,Virginia
668,emmcar12@yahoo.com,Emma,Carr,11/7/17,Female,North Carolina
669,jammah@hotmail.com,Jamya,Mahoney,,Female,Virginia
670,andhoo@gmail.com,Andrea,Hooper,,Female,Washington
671,malboo@gmail.com,Maleah,Booker,,Female,Pennsylvania
672,katmez12@yahoo.com,Katie,Meza,8/19/17,Female,Oregon
673,halmon@hotmail.com,Hallie,Montoya,11/9/16,Female,Minnesota
674,jaecho@gmail.com,Jaelyn,Choi,,Female,Alabama
675,lanjon@gmail.com,Lana,Jones,2/2/18,Female,Colorado
676,leibra12@yahoo.com,Leila,Bray,8/10/18,Female,Mississippi
677,janant@hotmail.com,Janiya,Anthony,11/16/16,Female,Florida
678,olibul@gmail.com,Olivia,Bullock,9/27/17,Female,Illinois
679,madgoo@gmail.com,Madilyn,Goodman,11/30/16,Female,Ohio
680,giajen12@yahoo.com,Giana,Jenkins,3/14/18,Female,Kentucky
681,daycha@hotmail.com,Dayanara,Charles,1/6/17,Unknown,Missouri
682,tescha@gmail.com,Tessa,Chang,7/17/17,Female,Massachusetts
683,ellsan@gmail.com,Ellen,Sanders,7/19/18,Female,Kansas
684,paivan12@yahoo.com,Paisley,Vance,2/21/17,Female,Massachusetts
685,belful@hotmail.com,Bella,Fuller,,Female,Montana
686,lormcc@gmail.com,Lorena,Mccormick,3/7/18,Female,Massachusetts
687,kardav@gmail.com,Karlie,Davila,1/26/17,Female,Michigan
688,payfri12@yahoo.com,Payten,Fritz,10/18/17,Female,New Hampshire
689,regnov@hotmail.com,Regan,Novak,6/22/18,Female,Delaware
690,shyheb@gmail.com,Shyann,Hebert,9/20/18,Female,New Hampshire
691,joscab@gmail.com,Josephine,Cabrera,,Female,North Carolina
692,tiacoh12@yahoo.com,Tiara,Cohen,,Female,Nevada
693,scasch@hotmail.com,Scarlett,Schaefer,,Female,Washington
694,kriwil@gmail.com,Kristina,Wilson,,Female,Nevada
695,brobar@gmail.com,Brooklynn,Barrett,7/29/18,Female,Oregon
696,joupar12@yahoo.com,Journey,Parrish,8/29/18,Female,Nevada
697,brewar@hotmail.com,Brenda,Ware,10/28/16,Female,Iowa
698,caywil@gmail.com,Caylee,Wilson,,Female,Hawaii
699,biaril@gmail.com,Bianca,Riley,,Female,Alabama
700,raymor12@yahoo.com,Rayna,Morton,9/17/18,Female,Georgia
701,shemay@hotmail.com,Shelby,Mays,3/1/17,Female,Illinois
702,mayhog@gmail.com,Mayra,Hogan,,Female,California
703,carval@gmail.com,Carolyn,Valenzuela,,Female,Vermont
704,yasles12@yahoo.com,Yasmine,Lester,,Female,California
705,cousin@hotmail.com,Courtney,Singleton,1/2/17,Female,Kentucky
706,fattod@gmail.com,Fatima,Todd,2/10/17,Female,California
707,kaibry@gmail.com,Kaila,Bryan,1/30/17,Female,Massachusetts
708,leslyn12@yahoo.com,Leslie,Lynch,,Female,California
709,julwas@hotmail.com,Julianna,Washington,8/14/17,Female,Massachusetts
710,amihen@gmail.com,Amira,Henson,,Female,California
711,iresha@gmail.com,Ireland,Shah,7/6/18,Female,New Hampshire
712,paoful12@yahoo.com,Paola,Fuller,2/3/18,Female,New York
713,nevjos@hotmail.com,Neveah,Joseph,,Female,Utah
714,alimur@gmail.com,Alissa,Murray,,Female,New York
715,kylwig@gmail.com,Kyla,Wiggins,,Female,New Hampshire
716,jewdea12@yahoo.com,Jewel,Dean,9/22/17,Female,New York
717,jayric@hotmail.com,Jayla,Rich,,Female,Nevada
718,jusaya@gmail.com,Justice,Ayala,11/20/17,Female,New York
719,jilnea@gmail.com,Jillian,Neal,3/2/17,Female,Nevada
720,cardua12@yahoo.com,Cara,Duarte,4/4/18,Female,New York
721,lilkno@hotmail.com,Lily,Knox,7/8/18,Female,Hawaii
722,marspe@gmail.com,Mariah,Spencer,,Female,New Jersey
723,karmid@gmail.com,Karlee,Middleton,,Female,Georgia
724,anaste12@yahoo.com,Anabel,Stein,12/26/17,Female,New Jersey
725,hanmar@hotmail.com,Hanna,Marks,,Female,Georgia
726,asikle@gmail.com,Asia,Klein,11/2/17,Female,New Jersey
727,kalell@gmail.com,Kali,Elliott,4/15/18,Female,California
728,kaiwoo12@yahoo.com,Kaia,Woods,,Female,Alaska
729,makmea@hotmail.com,Makayla,Meadows,6/15/18,Female,California
730,angsan@gmail.com,Angelina,Santiago,4/19/17,Female,South Carolina
731,amahen@gmail.com,Amaya,Henderson,6/27/18,Female,California
732,halcam12@yahoo.com,Halle,Camacho,5/12/17,Female,Indiana
733,janmoo@hotmail.com,Janae,Moody,,Female,California
734,aisnun@gmail.com,Aisha,Nunez,10/7/18,Female,Indiana
735,jazmor@gmail.com,Jazlynn,Morrison,,Female,California
736,gemmax12@yahoo.com,Gemma,Maxwell,1/27/17,Female,Texas
737,shyduk@hotmail.com,Shyanne,Duke,,Female,New York
738,aincar@gmail.com,Ainsley,Carter,,Female,Texas
739,marmic@gmail.com,Marlee,Michael,11/30/17,Female,New York
740,evemcc12@yahoo.com,Evelin,Mccullough,9/13/18,Female,Virginia
741,stelam@hotmail.com,Stephanie,Lam,1/24/17,Female,New York
742,chagal@gmail.com,Chana,Gallegos,7/25/18,Female,Virginia
743,jusgal@gmail.com,Justine,Galloway,,Female,New York
744,jultho12@yahoo.com,Juliet,Thompson,6/2/18,Female,Pennsylvania
745,lucrob@hotmail.com,Lucy,Roberts,7/11/18,Female,New York
746,lucfry@gmail.com,Lucille,Frye,,Female,Minnesota
747,niaorr@gmail.com,Nia,Orr,,Female,New Jersey
748,janhur12@yahoo.com,Jane,Hurst,,Female,Colorado
749,claewi@hotmail.com,Claire,Ewing,8/23/17,Female,New Jersey
750,carbla@gmail.com,Carissa,Blankenship,12/28/17,Female,Maryland
751,marcam@gmail.com,Mara,Campbell,11/12/17,Female,New Jersey
752,kiavaz12@yahoo.com,Kiara,Vazquez,,Female,Ohio
753,jayric@hotmail.com,Jayda,Richard,11/21/17,Female,South Carolina
754,iyagar@gmail.com,Iyana,Garrison,,Female,Missouri
755,aurshe@gmail.com,Aurora,Shepherd,10/7/17,Female,South Carolina
756,kiaveg12@yahoo.com,Kianna,Vega,4/4/17,Female,Kansas
757,thawoo@hotmail.com,Thalia,Woodward,,Female,Indiana
758,ziowal@gmail.com,Zion,Walters,,Female,Montana
759,brimat@gmail.com,Brianna,Mata,,Female,Texas
760,aripar12@yahoo.com,Ariel,Parks,6/30/18,Female,Michigan
761,elamcd@hotmail.com,Elaine,Mcdowell,4/4/17,Female,Texas
762,litcan@gmail.com,Litzy,Cantrell,5/11/17,Female,Delaware
763,kayhor@gmail.com,Kaylie,Horne,,Female,Texas
764,grejar12@yahoo.com,Greta,Jarvis,9/16/17,Female,Maine
765,amyma@hotmail.com,Amy,Ma,3/24/18,Female,Virginia
766,quigoo@gmail.com,Quinn,Goodman,5/28/18,Female,Washington
767,elssch@gmail.com,Elsa,Schmitt,5/7/18,Female,Pennsylvania
768,kimfri12@yahoo.com,Kimberly,Fritz,1/16/18,Female,Oregon
769,emipen@hotmail.com,Emilee,Pena,,Female,Pennsylvania
770,liadel@gmail.com,Liana,Delgado,12/27/17,Female,Iowa
771,shaoco@gmail.com,Sharon,Oconnor,,Female,Minnesota
772,chawri12@yahoo.com,Charity,Wright,,Female,Alabama
773,ellbar@hotmail.com,Elliana,Barnes,8/3/17,Unknown,Florida
774,stedel@gmail.com,Stella,Delgado,2/14/17,Female,Illinois
775,elyliu@gmail.com,Elyse,Liu,3/19/18,Female,Tennessee
776,zandoy12@yahoo.com,Zaniyah,Doyle,,Female,Vermont
777,taltat@hotmail.com,Talia,Tate,9/3/17,Female,Ohio
778,kaeste@gmail.com,Kaelyn,Stevenson,2/27/18,Female,Kentucky
779,scaeri@gmail.com,Scarlet,Erickson,8/22/18,Female,Missouri
780,lildon12@yahoo.com,Lilly,Donovan,6/30/18,Female,Massachusetts
781,katmay@hotmail.com,Kate,Mayo,12/20/16,Female,Kansas
782,giscar@gmail.com,Giselle,Carr,12/22/16,Female,Massachusetts
783,heicha@gmail.com,Heidy,Chan,9/13/18,Female,Montana
784,anysav12@yahoo.com,Anya,Savage,8/31/18,Female,New Hampshire
785,chedan@hotmail.com,Chelsea,Daniels,1/29/17,Female,Michigan
786,brihat@gmail.com,Bridget,Hatfield,7/12/18,Female,Utah
787,laugue@gmail.com,Laura,Guerrero,5/26/17,Female,North Carolina
788,lenhat12@yahoo.com,Lena,Hatfield,10/3/18,Female,New Hampshire
789,mirall@hotmail.com,Mireya,Allen,2/1/18,Female,North Carolina
790,jadveg@gmail.com,Jada,Vega,4/3/18,Female,Nevada
791,susbar@gmail.com,Susan,Barnes,12/13/17,Female,Washington
792,guakno12@yahoo.com,Guadalupe,Knox,1/19/17,Female,Nevada
793,eriden@hotmail.com,Erica,Dennis,2/7/18,Female,Oregon
794,julmon@gmail.com,Julissa,Montes,11/15/17,Female,Hawaii
795,cashay@gmail.com,Cassie,Haynes,,Female,Alabama
796,meghar12@yahoo.com,Meghan,Hartman,,Female,Georgia
797,kirgil@hotmail.com,Kira,Gillespie,,Female,Mississippi
798,nathar@gmail.com,Nathalia,Harvey,,Female,Georgia
799,framil@gmail.com,Francesca,Mills,,Female,Illinois
800,raycal12@yahoo.com,Rayne,Calderon,7/7/17,Female,California
801,beagar@hotmail.com,Beatrice,Gardner,7/31/18,Female,Kentucky
802,estveg@gmail.com,Estrella,Vega,,Female,California
803,barjac@gmail.com,Barbara,Jacobson,2/4/17,Female,Massachusetts
804,mikmcg12@yahoo.com,Mikaela,Mcgrath,9/23/17,Female,California
805,brihol@hotmail.com,Britney,Holt,,Female,Massachusetts
806,nanhah@gmail.com,Nancy,Hahn,,Female,California
807,lilsch@gmail.com,Lillie,Schroeder,3/22/17,Female,Massachusetts
808,chasol12@yahoo.com,Charlee,Solis,5/8/17,Female,California
809,lilglo@hotmail.com,Lila,Glover,7/2/18,Female,New Hampshire
810,harcha@gmail.com,Harley,Chambers,8/29/17,Female,New York
811,camwan@gmail.com,Camille,Wang,7/5/17,Female,New Hampshire
812,sansha12@yahoo.com,Saniyah,Shah,1/23/18,Female,New York
813,kamhar@hotmail.com,Kamryn,Harper,4/15/17,Female,Nevada
814,kayyu@gmail.com,Kayla,Yu,,Female,Rhode Island
815,finpad@gmail.com,Finley,Padilla,4/13/18,Female,Nevada
816,desveg12@yahoo.com,Destinee,Vega,5/19/17,Female,New York
817,micfra@hotmail.com,Micah,Francis,7/26/17,Female,Nevada
818,luclam@gmail.com,Lucia,Lamb,,Female,New York
819,armnun@gmail.com,Armani,Nunez,,Female,Hawaii
820,tamman12@yahoo.com,Tamia,Mann,5/4/17,Female,New Jersey
821,keiboo@hotmail.com,Keira,Boone,,Female,Georgia
822,bryhar@gmail.com,Bryanna,Harrison,6/22/17,Female,New Jersey
823,madgol@gmail.com,Madelynn,Golden,3/9/18,Female,California
824,logrob12@yahoo.com,Logan,Roberson,10/25/16,Female,New Jersey
825,raidua@hotmail.com,Raina,Duarte,11/2/17,Female,Wyoming
826,vicher@gmail.com,Victoria,Herman,,Female,South Carolina
827,verbla@gmail.com,Veronica,Blake,,Female,California
828,clabri12@yahoo.com,Clara,Briggs,5/22/18,Female,South Carolina
829,ciemil@hotmail.com,Cierra,Miller,11/6/16,Female,Maryland
830,tanpet@gmail.com,Taniya,Peterson,,Female,Indiana
831,charic@gmail.com,Charlize,Rich,,Female,California
832,ademer12@yahoo.com,Adelyn,Merritt,,Female,Texas
833,gilnie@hotmail.com,Gillian,Nielsen,3/8/18,Female,New York
834,yazwil@gmail.com,Yazmin,Wilson,,Female,Texas
835,marhar@gmail.com,Marie,Harrison,,Female,New York
836,marben12@yahoo.com,Marisa,Benitez,5/31/18,Female,Texas
837,ababla@hotmail.com,Abagail,Blair,12/5/17,Female,New York
838,cartow@gmail.com,Carla,Townsend,,Female,Virginia
839,marrot@gmail.com,Marianna,Roth,,Female,Connecticut
840,janwar12@yahoo.com,Janelle,Warner,,Female,Pennsylvania
841,danlin@hotmail.com,Daniella,Lin,,Female,New York
842,clovil@gmail.com,Cloe,Villanueva,2/25/17,Female,Pennsylvania
843,chedor@gmail.com,Cherish,Dorsey,5/3/18,Female,New Jersey
844,tanjor12@yahoo.com,Tania,Jordan,6/29/17,Female,Minnesota
845,jayfri@hotmail.com,Jaycee,Friedman,5/10/18,Female,New Jersey
846,ashrus@gmail.com,Ashanti,Rush,8/10/18,Female,Florida
847,alibur@gmail.com,Aliyah,Burton,,Female,New Jersey
848,cecval12@yahoo.com,Cecilia,Valenzuela,,Unknown,Unknown
849,aryvil@hotmail.com,Aryanna,Villanueva,3/31/17,Female,Alaska
850,monbuc@gmail.com,Monserrat,Buchanan,11/12/17,Female,Ohio
851,libbra@gmail.com,Liberty,Bradford,11/15/17,Female,South Carolina
852,abbcha12@yahoo.com,Abbey,Chavez,6/26/17,Female,Missouri
853,daldan@hotmail.com,Dalia,Daniels,12/13/17,Female,Indiana
854,margor@gmail.com,Marley,Gordon,10/10/17,Female,Kansas
855,marwoo@gmail.com,Marisol,Woodard,8/4/18,Female,Indiana
856,savguz12@yahoo.com,Savanah,Guzman,4/14/17,Female,Montana
857,kaimck@hotmail.com,Kaiya,Mckinney,11/27/17,Female,Texas
858,kathen@gmail.com,Kathleen,Henry,,Female,Michigan
859,jorqui@gmail.com,Jordin,Quinn,9/28/17,Female,Texas
860,casbar12@yahoo.com,Casey,Barnett,,Female,North Carolina
861,syllar@hotmail.com,Sylvia,Larsen,,Female,Virginia
862,delmcc@gmail.com,Delaney,Mccullough,12/12/17,Female,North Carolina
863,amazun@gmail.com,Amara,Zuniga,,Female,Virginia
864,micdod12@yahoo.com,Michelle,Dodson,12/6/16,Female,Washington
865,libmcc@hotmail.com,Libby,Mccann,,Female,Maine
866,siehen@gmail.com,Siena,Hendrix,3/1/17,Female,Oregon
867,sambat@gmail.com,Samantha,Bates,1/13/18,Female,Minnesota
868,mylweb12@yahoo.com,Mylie,Weber,,Female,Alabama
869,linwei@hotmail.com,Lindsey,Weiss,12/17/16,Female,Colorado
870,laumul@gmail.com,Lauren,Mullins,,Female,Mississippi
871,yesgen@gmail.com,Yesenia,Gentry,10/22/17,Female,Florida
872,livphi12@yahoo.com,Livia,Phillips,10/7/17,Female,Illinois
873,ashhor@hotmail.com,Ashly,Horn,,Female,Ohio
874,eliche@gmail.com,Elizabeth,Chen,6/22/18,Female,Kentucky
875,alibea@gmail.com,Alisa,Beasley,,Female,Missouri
876,kayher12@yahoo.com,Kaya,Herman,11/11/17,Female,Massachusetts
877,essher@hotmail.com,Essence,Herring,,Female,Kansas
878,shakey@gmail.com,Shayla,Key,,Female,Massachusetts
879,linpow@gmail.com,Linda,Powell,5/29/17,Female,Montana
880,leimcd12@yahoo.com,Leilani,Mcdowell,,Female,Massachusetts
881,ashhum@hotmail.com,Ashlee,Humphrey,,Female,Michigan
882,wenhul@gmail.com,Wendy,Hull,5/11/17,Female,New Hampshire
883,pendon@gmail.com,Penelope,Donovan,8/29/18,Female,Delaware
884,phopat12@yahoo.com,Phoebe,Patel,8/29/17,Female,New Hampshire
885,kenwin@hotmail.com,Kendall,Winters,4/6/17,Female,North Carolina
886,karhut@gmail.com,Karli,Hutchinson,,Female,Nevada
887,abbgar@gmail.com,Abbigail,Garner,3/17/17,Female,Washington
888,brocal12@yahoo.com,Brooklyn,Calderon,,Female,Nevada
889,ashroj@hotmail.com,Ashtyn,Rojas,,Female,Oregon
890,autfry@gmail.com,Autumn,Fry,8/2/17,Female,Nevada
891,jaifle@gmail.com,Jaiden,Fleming,6/14/18,Female,Iowa
892,torkna12@yahoo.com,Tori,Knapp,6/15/17,Female,Hawaii
893,preoco@hotmail.com,Presley,Oconnor,7/30/18,Female,Alabama
894,madtra@gmail.com,Madeleine,Travis,,Female,Georgia
895,annkel@gmail.com,Anna,Kelley,,Female,Illinois
896,jasgar12@yahoo.com,Jasmin,Garza,9/9/17,Female,California
897,sarram@hotmail.com,Sarai,Ramirez,4/14/18,Female,Vermont
898,isamcc@gmail.com,Isabelle,Mccall,,Female,California
899,yadrog@gmail.com,Yadira,Rogers,1/6/18,Female,Kentucky
900,dixgre12@yahoo.com,Dixie,Greene,12/15/17,Female,California
901,malsta@hotmail.com,Maliyah,Stanton,11/22/17,Female,Massachusetts
902,letgen@gmail.com,Leticia,Gentry,10/8/18,Female,California
903,aregar@gmail.com,Areli,Garner,11/21/16,Female,Massachusetts
904,jenhic12@yahoo.com,Jennifer,Hicks,3/6/17,Female,California
905,themar@hotmail.com,Theresa,Marshall,,Female,New Hampshire
906,margay@gmail.com,Mariela,Gay,6/28/18,Female,New York
907,amyyod@gmail.com,Amy,Yoder,11/28/16,Female,Utah
908,allhu12@yahoo.com,Allyson,Hu,9/5/17,Female,New York
909,ashsol@hotmail.com,Ashlynn,Solomon,2/23/18,Female,New Hampshire
910,cecgar@gmail.com,Cecelia,Garcia,,Female,New York
911,carpet@gmail.com,Carlie,Petersen,1/29/17,Female,Nevada
912,chrhaa12@yahoo.com,Christine,Haas,8/27/18,Female,New York
913,allgil@hotmail.com,Allisson,Gilbert,,Female,Nevada
914,zarfle@gmail.com,Zaria,Fleming,12/5/17,Female,New York
915,gincam@gmail.com,Gina,Cameron,3/20/17,Female,Hawaii
916,haimac12@yahoo.com,Hailie,Macdonald,7/16/17,Female,New Jersey
917,kenriv@hotmail.com,Kenzie,Rivas,12/15/16,Female,Georgia
918,carben@gmail.com,Carly,Bentley,,Female,New Jersey
919,minjos@gmail.com,Mina,Joseph,6/24/17,Female,Georgia
920,anakno12@yahoo.com,Anahi,Knox,9/14/17,Female,New Jersey
921,serbol@hotmail.com,Serenity,Bolton,,Female,California
922,madrob@gmail.com,Maddison,Robbins,2/10/18,Female,Alaska
923,anihol@gmail.com,Aniya,Holden,10/20/16,Female,California
924,ashbra12@yahoo.com,Ashlyn,Bradford,12/27/17,Female,South Carolina
925,mcksta@hotmail.com,Mckinley,Stafford,1/6/17,Female,California
926,brihun@gmail.com,Bria,Hunt,11/9/17,Female,Indiana
927,lolbuc@gmail.com,Lola,Buck,,Female,California
928,olidan12@yahoo.com,Olive,Daniel,8/4/18,Female,Indiana
929,gioflo@hotmail.com,Giovanna,Flores,11/2/16,Female,California
930,maddix@gmail.com,Madilynn,Dixon,,Female,Texas
931,alewhi@gmail.com,Alejandra,Whitney,7/5/18,Female,New York
932,rihval12@yahoo.com,Rihanna,Valentine,8/4/18,Female,Texas
933,lexmon@hotmail.com,Lexi,Montoya,,Female,New York
934,almkei@gmail.com,Alma,Keith,9/24/18,Female,Virginia
935,kiemor@gmail.com,Kierra,Mora,3/15/17,Female,New York
936,danfol12@yahoo.com,Dana,Foley,9/14/17,Female,Virginia
937,lunmck@hotmail.com,Luna,Mcknight,,Female,New York
938,clamoo@gmail.com,Claudia,Moon,,Female,Pennsylvania
939,julriv@gmail.com,Julia,Rivers,5/15/17,Female,New York
940,shahar12@yahoo.com,Shaniya,Hardin,,Female,Minnesota
941,jamman@hotmail.com,Jamie,Manning,,Female,New Jersey
942,kylhen@gmail.com,Kyleigh,Henson,7/4/18,Female,Colorado
943,rubski@gmail.com,Ruby,Skinner,10/23/17,Female,New Jersey
944,marcan12@yahoo.com,Maria,Cantrell,,Female,Florida
945,malshi@hotmail.com,Malia,Shields,8/30/18,Female,New Jersey
946,sarmay@gmail.com,Sarah,Mayo,5/28/18,Female,Ohio
947,alebec@gmail.com,Alexus,Beck,,Female,South Carolina
948,lilcha12@yahoo.com,Lilianna,Chavez,,Female,Missouri
949,julgle@hotmail.com,Julie,Glenn,,Female,South Carolina
950,paimcl@gmail.com,Paityn,Mclaughlin,,Female,Kansas
951,stabar@gmail.com,Stacy,Barrera,8/25/17,Female,Indiana
952,adaben12@yahoo.com,Adalynn,Bender,,Female,Montana
953,giacam@hotmail.com,Giada,Campos,,Female,Texas
954,isikni@gmail.com,Isis,Knight,3/13/17,Female,Michigan
955,malsta@gmail.com,Mallory,Stanley,11/3/16,Female,Texas
956,vandua12@yahoo.com,Vanessa,Duarte,,Female,Delaware
957,leadun@hotmail.com,Leah,Dunn,,Female,Texas
958,jaibal@gmail.com,Jaida,Baldwin,,Female,North Carolina
959,amaleb@gmail.com,Amanda,Leblanc,11/9/17,Female,Virginia
960,melcha12@yahoo.com,Melissa,Chapman,6/28/18,Female,Washington
961,jorbar@hotmail.com,Jordan,Barrett,6/25/17,Female,Pennsylvania
962,myaoch@gmail.com,Myah,Ochoa,11/26/16,Female,Oregon
963,jaycal@gmail.com,Jaylynn,Callahan,,Female,Pennsylvania
964,cheber12@yahoo.com,Cheyanne,Berg,4/30/17,Female,Iowa
965,friwig@hotmail.com,Frida,Wiggins,,Female,Minnesota
966,melhic@gmail.com,Melina,Hicks,,Female,Alabama
967,indcal@gmail.com,India,Calhoun,11/8/17,Female,Florida
968,kamsny12@yahoo.com,Kamora,Snyder,2/3/17,Female,Illinois
969,marbur@hotmail.com,Marissa,Burns,,Female,Tennessee
970,yamcol@gmail.com,Yamilet,Coleman,,Female,Vermont
971,glofol@gmail.com,Gloria,Foley,10/11/18,Female,Ohio
972,monhul12@yahoo.com,Monica,Hull,,Female,Kentucky
973,jandav@hotmail.com,Janiyah,Davila,3/1/18,Female,Missouri
974,emical@gmail.com,Emilia,Caldwell,8/12/18,Female,Massachusetts
975,mormor@gmail.com,Morgan,Morton,2/24/18,Female,Kansas
976,valsto12@yahoo.com,Valentina,Stone,,Female,Massachusetts
977,machop@hotmail.com,Macie,Hopkins,12/8/16,Female,Montana
978,rylrus@gmail.com,Rylee,Rush,8/15/18,Female,New Hampshire
979,esmmay@gmail.com,Esmeralda,Maynard,9/23/18,Female,Michigan
980,magwea12@yahoo.com,Maggie,Weaver,8/12/18,Female,Utah
981,anahar@hotmail.com,Anabelle,Hardin,,Female,North Carolina
982,denhar@gmail.com,Denisse,Harmon,12/30/17,Female,New Hampshire
983,evaatk@gmail.com,Evangeline,Atkins,,Unknown,Unknown
984,jacbri12@yahoo.com,Jacqueline,Bright,4/28/18,Female,Nevada
985,aspsos@hotmail.com,Aspen,Sosa,12/21/16,Female,Washington
986,emeken@gmail.com,Emely,Kent,1/23/17,Female,Nevada
987,azaper@gmail.com,Azaria,Perez,6/5/18,Female,Oregon
988,sagboo12@yahoo.com,Sage,Booth,1/25/18,Female,Hawaii
989,kalhic@hotmail.com,Kallie,Hicks,,Female,Alabama
990,shebro@gmail.com,Shea,Brown,6/1/17,Female,Georgia
991,ractra@gmail.com,Rachael,Travis,8/12/18,Female,Mississippi
992,jochig12@yahoo.com,Jocelyn,Higgins,2/18/18,Female,Georgia
993,aiymor@hotmail.com,Aiyana,Morales,,Female,Illinois
994,pridec@gmail.com,Princess,Decker,,Female,California
995,anikid@gmail.com,Anika,Kidd,6/21/17,Female,Kentucky
996,rorfro12@yahoo.com,Rory,Frost,,Female,California
997,matdon@hotmail.com,Matilda,Donovan,9/13/18,Female,Massachusetts
998,selcab@gmail.com,Selena,Cabrera,12/17/17,Female,California
999,elllin@gmail.com,Ellie,Lindsey,10/15/16,Female,Maryland
1000,makdav12@yahoo.com,Makena,David,9/27/18,Female,California
1001,zoetra@hotmail.com,Zoe,Travis,10/5/17,Female,Massachusetts
1002,adapha@gmail.com,Ada,Pham,12/20/16,Unknown,California
1003,fiocas@gmail.com,Fiona,Castillo,,Female,New Hampshire
1005,daydea@hotmail.com,Dayami,Dean,1/15/18,Unknown,New Hampshire
1007,evegri@gmail.com,Evelyn,Griffin,,Female,Nevada
1009,tatchu@hotmail.com,Tatum,Chung,11/6/16,Female,Nevada
1010,wilwhi@gmail.com,Willow,White,12/7/16,Female,Michigan
1011,jaeale@gmail.com,Jaelynn,Alexander,5/27/18,Female,Nevada
1012,mercas@gmail.com,Meredith,Castaneda,,Female,Texas
1013,skybar@hotmail.com,Skyla,Barker,6/21/18,Female,Hawaii
1014,rykbro@gmail.com,Ryker,Brown,,Female,Rhode Island
1015,alyras@gmail.com,Alyson,Rasmussen,,Female,Georgia
1016,saikha@gmail.com,Saira,Khan,6/21/17,Female,California
1017,arigol@hotmail.com,Aria,Golden,,Female,California
1018,jamdan@gmail.com,Jamie,Daniel,,Unknown,Unknown
1019,cormcg@gmail.com,Corinne,Mcgrath,,Female,California
1020,jusmur@gmail.com,Justus,Murray,12/22/18,Male,Colorado
1021,kayrit@hotmail.com,Kaydence,Ritter,7/26/17,Unknown,California
1022,yascal@gmail.com,Yasmin,Caldwell,,Female,Georgia
1023,tiaser@gmail.com,Tia,Serrano,,Female,Connecticut
1024,dylmor@gmail.com,Dylan,Morse,7/28/18,Male,Illinois
1025,haymck@hotmail.com,Haylee,Mckay,11/14/16,Female,California
1027,browat@gmail.com,Brooklyn,Watts,10/20/17,Female,Alaska
1028,haygal@gmail.com,Haylie,Gallagher,5/29/19,Female,Massachusetts
1029,melmen@gmail.com,Melvin,Mendoza,,Male,Ohio
1030,jefhog@gmail.com,Jeffrey,Hogan,,Male,Kentucky
1031,brodua@gmail.com,Brock,Duarte,,Male,New Mexico
1032,kolcoc@gmail.com,Kolby,Cochran,,Male,Tennessee
1034,sarcun@gmail.com,Sarai,Cunningham,7/31/18,Female,New York
1035,ashahm@gmail.com,Ashna,Ahmed,9/17/19,Female,Texas
1036,dippat@gmail.com,Dipti,Patel,12/20/16,Female,Connecticut