"customer_id","num_prod_purchased","ltv","days_since_last_purchase","tenure","single_more6","single_less6","multi_buyer_less6","multi_buyer_more6"
"52","2","75.0","92","90","0","0","1","0"
"56","1","20.0","923","63","1","0","0","0"
"95","2","145.0","631","72","0","0","0","1"
"368","4","215.0","116","142","0","0","1","0"
"372","4","255.0","560","101","0","0","0","1"
"395","4","140.0","367","115","0","0","0","1"
"824","2","75.0","397","148","0","0","0","1"
"949","4","175.0","503","103","0","0","0","1"
"984","0","0.0","-1","70","0","0","0","0"
"988","0","0.0","-1","83","0","0","0","0"
"91","1","55.0","268","52","1","0","0","0"
"212","2","100.0","582","116","0","0","0","1"
"364","1","40.0","538","131","1","0","0","0"
"524","2","185.0","653","145","0","0","0","1"
"559","2","45.0","150","71","0","0","1","0"
"680","1","50.0","299","76","1","0","0","0"
"828","4","225.0","487","66","0","0","0","1"
"60","2","105.0","275","125","0","0","0","1"
"87","2","110.0","940","131","0","0","0","1"
"208","0","0.0","-1","104","0","0","0","0"
"520","3","180.0","349","89","0","0","0","1"
"547","2","105.0","359","63","0","0","0","1"
"555","1","110.0","650","92","1","0","0","0"
"832","2","110.0","231","102","0","0","0","1"
"953","0","0.0","-1","-1","0","0","0","0"
"92","3","100.0","145","101","0","0","1","0"
"96","4","190.0","182","122","0","0","0","1"
"283","3","135.0","151","143","0","0","1","0"
"287","4","295.0","119","84","0","0","1","0"
"556","0","0.0","-1","107","0","0","0","0"
"677","2","110.0","353","145","0","0","0","1"
"681","1","25.0","471","138","1","0","0","0"
"716","1","25.0","511","101","1","0","0","0"
"833","3","195.0","70","77","0","0","1","0"
"837","2","95.0","443","90","0","0","0","1"
"868","1","40.0","396","56","1","0","0","0"
"1028","0","0.0","-1","13","0","0","0","0"
"85","2","150.0","145","65","0","0","1","0"
"93","0","0.0","-1","-1","0","0","0","0"
"116","2","100.0","221","89","0","0","0","1"
"128","2","150.0","111","146","0","0","1","0"
"705","2","75.0","386","138","0","0","0","1"
"865","3","130.0","171","74","0","0","1","0"
"1013","2","115.0","226","62","0","0","0","1"
"259","4","255.0","270","113","0","0","0","1"
"376","2","220.0","531","115","0","0","0","1"
"528","4","130.0","135","93","0","0","1","0"
"536","1","25.0","745","136","1","0","0","0"
"567","1","40.0","666","95","1","0","0","0"
"571","1","20.0","373","117","1","0","0","0"
"684","3","170.0","104","131","0","0","1","0"
"840","1","55.0","168","24","0","1","0","0"
"961","2","65.0","403","113","0","0","0","1"
"124","2","75.0","143","80","0","0","1","0"
"241","2","110.0","560","119","0","0","0","1"
"245","1","50.0","482","47","1","0","0","0"
"249","1","25.0","371","74","1","0","0","0"
"393","6","350.0","230","111","0","0","0","1"
"397","3","235.0","554","138","0","0","0","1"
"557","3","155.0","302","92","0","0","0","1"
"584","3","130.0","305","140","0","0","0","1"
"588","2","95.0","337","66","0","0","0","1"
"701","0","0.0","-1","130","0","0","0","0"
"709","1","50.0","909","106","1","0","0","0"
"857","4","325.0","469","91","0","0","0","1"
"1017","4","350.0","247","90","0","0","0","1"
"1021","2","180.0","758","109","0","0","0","1"
"391","1","70.0","347","132","1","0","0","0"
"477","1","75.0","470","127","1","0","0","0"
"812","2","165.0","232","83","0","0","0","1"
"937","3","115.0","495","99","0","0","0","1"
"941","6","380.0","129","144","0","0","1","0"
"968","1","20.0","913","134","1","0","0","0"
"972","3","180.0","475","81","0","0","0","1"
"40","1","55.0","955","86","1","0","0","0"
"356","2","110.0","823","118","0","0","0","1"
"387","0","0.0","-1","-1","0","0","0","0"
"473","3","185.0","483","67","0","0","0","1"
"508","2","65.0","46","138","0","0","1","0"
"664","3","150.0","272","80","0","0","0","1"
"75","1","25.0","999","142","1","0","0","0"
"83","2","105.0","658","94","0","0","0","1"
"196","1","70.0","544","73","1","0","0","0"
"200","0","0.0","-1","58","0","0","0","0"
"348","6","495.0","379","96","0","0","0","1"
"352","0","0.0","-1","86","0","0","0","0"
"504","1","70.0","345","134","1","0","0","0"
"816","4","235.0","191","119","0","0","0","1"
"933","6","550.0","418","116","0","0","0","1"
"976","0","0.0","-1","-1","0","0","0","0"
"253","1","110.0","633","93","1","0","0","0"
"292","6","430.0","407","130","0","0","0","1"
"561","3","190.0","224","79","0","0","0","1"
"912","2","80.0","372","52","0","0","0","1"
"990","0","0.0","-1","117","0","0","0","0"
"144","1","25.0","580","91","1","0","0","0"
"183","3","175.0","318","74","0","0","0","1"
"265","1","75.0","663","82","1","0","0","0"
"308","2","180.0","254","124","0","0","0","1"
"577","0","0.0","-1","-1","0","0","0","0"
"608","1","70.0","344","100","1","0","0","0"
"729","1","50.0","47","63","0","1","0","0"
"31","1","70.0","221","116","1","0","0","0"
"179","2","130.0","354","68","0","0","0","1"
"581","2","75.0","116","65","0","0","1","0"
"612","2","110.0","439","99","0","0","0","1"
"647","0","0.0","-1","113","0","0","0","0"
"764","1","55.0","999","102","1","0","0","0"
"920","6","310.0","230","102","0","0","0","1"
"61","2","140.0","181","153","0","0","0","1"
"65","2","130.0","406","98","0","0","0","1"
"69","1","25.0","399","57","1","0","0","0"
"100","2","145.0","376","78","0","0","0","1"
"217","2","80.0","467","96","0","0","0","1"
"490","2","125.0","534","98","0","0","0","1"
"494","1","55.0","738","64","1","0","0","0"
"611","2","180.0","24","100","0","0","1","0"
"654","3","190.0","166","86","0","0","1","0"
"806","4","225.0","209","80","0","0","0","1"
"954","3","180.0","538","128","0","0","0","1"
"958","1","20.0","636","90","1","0","0","0"
"26","1","20.0","472","74","1","0","0","0"
"30","2","95.0","392","100","0","0","0","1"
"373","0","0.0","-1","-1","0","0","0","0"
"498","2","135.0","182","33","0","0","0","1"
"525","0","0.0","-1","-1","0","0","0","0"
"529","2","95.0","158","38","0","0","1","0"
"646","1","25.0","816","65","1","0","0","0"
"802","5","355.0","263","106","0","0","0","1"
"993","2","90.0","159","69","0","0","1","0"
"34","1","55.0","713","109","1","0","0","0"
"38","1","70.0","749","107","1","0","0","0"
"182","1","20.0","309","57","1","0","0","0"
"221","1","20.0","214","30","1","0","0","0"
"338","4","220.0","159","118","0","0","1","0"
"377","3","205.0","373","144","0","0","0","1"
"533","5","260.0","240","143","0","0","0","1"
"923","1","70.0","714","149","1","0","0","0"
"962","1","25.0","197","144","1","0","0","0"
"94","3","185.0","528","103","0","0","0","1"
"246","0","0.0","-1","124","0","0","0","0"
"375","3","235.0","39","115","0","0","1","0"
"531","2","140.0","398","101","0","0","0","1"
"679","1","55.0","545","143","1","0","0","0"
"718","1","25.0","426","92","1","0","0","0"
"831","1","40.0","274","39","1","0","0","0"
"952","1","55.0","491","70","1","0","0","0"
"991","6","430.0","170","54","0","0","1","0"
"995","4","255.0","460","114","0","0","0","1"
"120","2","90.0","739","51","0","0","0","1"
"549","1","25.0","544","119","1","0","0","0"
"553","4","210.0","78","77","0","0","1","0"
"978","3","205.0","308","54","0","0","0","1"
"982","3","130.0","418","87","0","0","0","1"
"986","2","70.0","289","135","0","0","0","1"
"44","0","0.0","-1","-1","0","0","0","0"
"48","3","185.0","219","71","0","0","0","1"
"79","2","100.0","206","116","0","0","0","1"
"204","3","105.0","735","106","0","0","0","1"
"512","1","50.0","923","46","1","0","0","0"
"625","1","50.0","718","107","1","0","0","0"
"660","4","290.0","213","76","0","0","0","1"
"668","1","75.0","519","94","1","0","0","0"
"781","1","25.0","839","140","1","0","0","0"
"820","1","110.0","253","121","1","0","0","0"
"89","3","155.0","50","97","0","0","1","0"
"401","0","0.0","-1","103","0","0","0","0"
"436","2","65.0","508","109","0","0","0","1"
"518","3","155.0","663","79","0","0","0","1"
"670","0","0.0","-1","-1","0","0","0","0"
"674","1","50.0","404","57","1","0","0","0"
"713","1","40.0","328","46","1","0","0","0"
"861","0","0.0","-1","-1","0","0","0","0"
"68","0","0.0","-1","51","0","0","0","0"
"107","3","135.0","88","87","0","0","1","0"
"407","3","190.0","394","122","0","0","0","1"
"992","1","25.0","273","79","1","0","0","0"
"996","4","275.0","563","109","0","0","0","1"
"1023","2","95.0","269","97","0","0","0","1"
"1031","0","0.0","-1","-1","0","0","0","0"
"103","1","25.0","511","73","1","0","0","0"
"251","0","0.0","-1","-1","0","0","0","0"
"263","4","275.0","447","130","0","0","0","1"
"563","4","185.0","247","105","0","0","0","1"
"688","2","75.0","178","97","0","0","1","0"
"723","4","170.0","190","83","0","0","0","1"
"836","0","0.0","-1","65","0","0","0","0"
"844","1","50.0","127","113","0","1","0","0"
"848","3","240.0","222","116","0","0","0","1"
"879","3","110.0","349","117","0","0","0","1"
"1027","0","0.0","-1","97","0","0","0","0"
"99","1","55.0","729","104","1","0","0","0"
"255","3","130.0","175","114","0","0","1","0"
"411","1","110.0","713","101","1","0","0","0"
"415","2","65.0","801","120","0","0","0","1"
"532","1","40.0","613","87","1","0","0","0"
"875","1","75.0","515","73","1","0","0","0"
"1000","2","80.0","650","48","0","0","0","1"
"247","2","105.0","139","92","0","0","1","0"
"360","3","145.0","288","55","0","0","0","1"
"399","5","150.0","164","93","0","0","1","0"
"403","4","160.0","376","77","0","0","0","1"
"485","3","145.0","131","86","0","0","1","0"
"516","1","25.0","943","71","1","0","0","0"
"551","1","25.0","204","149","1","0","0","0"
"672","3","235.0","487","106","0","0","0","1"
"676","3","150.0","215","55","0","0","0","1"
"867","3","130.0","187","85","0","0","0","1"
"945","4","220.0","178","52","0","0","1","0"
"980","2","165.0","444","54","0","0","0","1"
"97","1","20.0","479","85","1","0","0","0"
"105","2","140.0","324","85","0","0","0","1"
"132","1","25.0","304","51","1","0","0","0"
"257","0","0.0","-1","59","0","0","0","0"
"405","3","235.0","262","81","0","0","0","1"
"444","3","130.0","512","62","0","0","0","1"
"448","3","145.0","501","130","0","0","0","1"
"569","2","45.0","148","69","0","0","1","0"
"717","3","205.0","533","104","0","0","0","1"
"725","4","145.0","159","104","0","0","1","0"
"869","2","185.0","136","141","0","0","1","0"
"1025","2","95.0","348","145","0","0","0","1"
"19","0","0.0","-1","-1","0","0","0","0"
"101","1","20.0","438","62","1","0","0","0"
"136","6","420.0","453","133","0","0","0","1"
"140","1","55.0","360","51","1","0","0","0"
"440","4","240.0","367","142","0","0","0","1"
"592","1","110.0","238","77","1","0","0","0"
"596","3","225.0","342","114","0","0","0","1"
"600","5","215.0","362","123","0","0","0","1"
"604","1","50.0","346","109","1","0","0","0"
"877","0","0.0","-1","-1","0","0","0","0"
"994","5","630.0","204","79","0","0","0","1"
"1029","0","0.0","-1","-1","0","0","0","0"
"167","0","0.0","-1","-1","0","0","0","0"
"171","2","90.0","462","80","0","0","0","1"
"288","2","90.0","364","88","0","0","0","1"
"409","1","25.0","116","90","0","1","0","0"
"565","2","165.0","467","94","0","0","0","1"
"721","2","125.0","535","59","0","0","0","1"
"873","1","50.0","276","39","1","0","0","0"
"27","3","110.0","240","96","0","0","0","1"
"152","2","130.0","183","72","0","0","0","1"
"175","3","150.0","342","117","0","0","0","1"
"456","1","40.0","249","141","1","0","0","0"
"460","3","235.0","436","116","0","0","0","1"
"733","1","110.0","121","17","0","1","0","0"
"760","1","55.0","646","61","1","0","0","0"
"768","0","0.0","-1","84","0","0","0","0"
"881","2","125.0","312","44","0","0","0","1"
"885","3","125.0","225","125","0","0","0","1"
"924","1","75.0","730","87","1","0","0","0"
"113","4","285.0","217","101","0","0","0","1"
"148","4","370.0","450","130","0","0","0","1"
"296","0","0.0","-1","54","0","0","0","0"
"300","2","130.0","61","114","0","0","1","0"
"304","1","40.0","959","76","1","0","0","0"
"452","3","195.0","363","111","0","0","0","1"
"573","3","90.0","511","132","0","0","0","1"
"616","3","90.0","404","46","0","0","0","1"
"192","1","20.0","528","83","1","0","0","0"
"305","2","75.0","45","53","0","0","1","0"
"469","3","175.0","538","99","0","0","0","1"
"500","4","200.0","355","112","0","0","0","1"
"613","0","0.0","-1","-1","0","0","0","0"
"769","2","95.0","214","71","0","0","0","1"
"929","2","95.0","296","147","0","0","0","1"
"956","0","0.0","-1","-1","0","0","0","0"
"36","1","55.0","598","85","1","0","0","0"
"149","3","290.0","64","87","0","0","1","0"
"184","4","105.0","222","88","0","0","0","1"
"340","0","0.0","-1","137","0","0","0","0"
"344","1","50.0","118","108","0","1","0","0"
"457","2","95.0","335","55","0","0","0","1"
"461","3","230.0","177","58","0","0","1","0"
"492","1","25.0","593","103","1","0","0","0"
"617","2","150.0","229","112","0","0","0","1"
"808","3","120.0","114","120","0","0","1","0"
"890","2","60.0","514","108","0","0","0","1"
"925","3","165.0","406","138","0","0","0","1"
"960","1","55.0","718","61","1","0","0","0"
"131","1","70.0","832","88","1","0","0","0"
"213","1","70.0","639","85","1","0","0","0"
"252","3","215.0","562","48","0","0","0","1"
"369","2","80.0","72","51","0","0","1","0"
"404","0","0.0","-1","89","0","0","0","0"
"685","1","40.0","648","92","1","0","0","0"
"1024","0","0.0","-1","57","0","0","0","0"
"256","4","405.0","466","67","0","0","0","1"
"400","6","330.0","224","87","0","0","0","1"
"521","2","125.0","568","50","0","0","0","1"
"560","1","75.0","680","94","1","0","0","0"
"841","0","0.0","-1","-1","0","0","0","0"
"985","0","0.0","-1","140","0","0","0","0"
"989","0","0.0","-1","-1","0","0","0","0"
"98","2","145.0","439","126","0","0","0","1"
"215","4","165.0","313","79","0","0","0","1"
"367","4","215.0","41","144","0","0","1","0"
"410","2","50.0","240","52","0","0","0","1"
"652","1","75.0","696","100","1","0","0","0"
"687","2","100.0","490","135","0","0","0","1"
"800","1","75.0","209","112","1","0","0","0"
"248","0","0.0","-1","-1","0","0","0","0"
"408","1","25.0","392","56","1","0","0","0"
"564","2","100.0","618","55","0","0","0","1"
"708","2","180.0","78","79","0","0","1","0"
"712","1","20.0","389","82","1","0","0","0"
"751","3","150.0","62","93","0","0","1","0"
"864","4","180.0","360","142","0","0","0","1"
"872","3","170.0","243","99","0","0","0","1"
"63","2","115.0","159","56","0","0","1","0"
"223","3","190.0","454","136","0","0","0","1"
"371","4","185.0","23","120","0","0","1","0"
"648","1","110.0","340","61","1","0","0","0"
"675","3","155.0","272","82","0","0","0","1"
"835","1","75.0","583","83","1","0","0","0"
"839","0","0.0","-1","-1","0","0","0","0"
"59","1","25.0","338","144","1","0","0","0"
"67","2","110.0","220","57","0","0","0","1"
"102","1","25.0","211","126","1","0","0","0"
"180","4","110.0","460","146","0","0","0","1"
"219","1","25.0","201","28","1","0","0","0"
"250","4","175.0","57","106","0","0","1","0"
"254","1","70.0","732","104","1","0","0","0"
"379","2","180.0","271","115","0","0","0","1"
"523","2","125.0","124","120","0","0","1","0"
"527","4","380.0","405","124","0","0","0","1"
"562","4","260.0","343","49","0","0","0","1"
"644","1","20.0","766","127","1","0","0","0"
"683","4","255.0","85","58","0","0","1","0"
"714","2","125.0","289","73","0","0","0","1"
"987","0","0.0","-1","64","0","0","0","0"
"186","3","180.0","194","112","0","0","0","1"
"650","2","110.0","462","89","0","0","0","1"
"798","0","0.0","-1","-1","0","0","0","0"
"66","2","50.0","674","126","0","0","0","1"
"343","0","0.0","-1","-1","0","0","0","0"
"413","2","70.0","571","114","0","0","0","1"
"530","0","0.0","-1","-1","0","0","0","0"
"651","1","70.0","898","105","1","0","0","0"
"807","1","20.0","290","127","1","0","0","0"
"846","2","65.0","529","55","0","0","0","1"
"109","1","25.0","393","147","1","0","0","0"
"222","3","155.0","26","112","0","0","1","0"
"347","1","20.0","698","99","1","0","0","0"
"378","3","135.0","249","71","0","0","0","1"
"538","4","370.0","265","82","0","0","0","1"
"682","1","25.0","765","110","1","0","0","0"
"694","1","40.0","622","88","1","0","0","0"
"811","3","155.0","281","112","0","0","0","1"
"838","4","230.0","330","93","0","0","0","1"
"842","3","205.0","348","131","0","0","0","1"
"963","2","95.0","263","75","0","0","0","1"
"967","3","165.0","440","94","0","0","0","1"
"998","2","105.0","154","88","0","0","1","0"
"28","1","70.0","530","83","1","0","0","0"
"32","1","55.0","53","52","0","1","0","0"
"188","1","70.0","464","66","1","0","0","0"
"336","2","60.0","690","59","0","0","0","1"
"465","3","180.0","413","80","0","0","0","1"
"621","3","105.0","645","128","0","0","0","1"
"765","2","185.0","340","75","0","0","0","1"
"777","2","65.0","493","103","0","0","0","1"
"894","3","145.0","442","117","0","0","0","1"
"921","3","100.0","103","114","0","0","1","0"
"964","1","110.0","842","121","1","0","0","0"
"496","3","170.0","571","102","0","0","0","1"
"773","0","0.0","-1","108","0","0","0","0"
"804","2","120.0","551","101","0","0","0","1"
"35","5","315.0","147","108","0","0","1","0"
"316","1","20.0","872","60","1","0","0","0"
"589","1","50.0","903","50","1","0","0","0"
"628","6","330.0","278","99","0","0","0","1"
"780","1","70.0","338","61","1","0","0","0"
"928","0","0.0","-1","56","0","0","0","0"
"160","3","165.0","128","50","0","0","1","0"
"351","0","0.0","-1","108","0","0","0","0"
"468","3","115.0","223","146","0","0","0","1"
"620","2","75.0","340","103","0","0","0","1"
"655","3","155.0","353","122","0","0","0","1"
"659","1","40.0","539","77","1","0","0","0"
"936","0","0.0","-1","102","0","0","0","0"
"226","1","40.0","812","87","1","0","0","0"
"261","1","50.0","599","85","1","0","0","0"
"382","3","165.0","470","118","0","0","0","1"
"495","1","50.0","544","119","1","0","0","0"
"499","3","175.0","136","115","0","0","1","0"
"959","2","105.0","234","94","0","0","0","1"
"70","1","5.0","1081","66","1","0","0","0"
"74","3","170.0","160","139","0","0","1","0"
"230","0","0.0","-1","90","0","0","0","0"
"374","2","70.0","274","101","0","0","0","1"
"417","4","115.0","546","136","0","0","0","1"
"534","1","25.0","168","80","0","1","0","0"
"686","0","0.0","-1","77","0","0","0","0"
"690","4","220.0","283","49","0","0","0","1"
"815","0","0.0","-1","72","0","0","0","0"
"1002","3","125.0","321","140","0","0","0","1"
"218","5","395.0","360","65","0","0","0","1"
"487","5","230.0","298","120","0","0","0","1"
"795","2","125.0","550","90","0","0","0","1"
"951","0","0.0","-1","105","0","0","0","0"
"54","3","200.0","181","92","0","0","0","1"
"58","4","240.0","246","120","0","0","0","1"
"62","0","0.0","-1","93","0","0","0","0"
"206","3","115.0","162","74","0","0","1","0"
"339","2","125.0","547","78","0","0","0","1"
"483","3","185.0","449","122","0","0","0","1"
"643","4","215.0","377","103","0","0","0","1"
"834","1","40.0","745","106","1","0","0","0"
"916","4","145.0","132","110","0","0","1","0"
"335","2","150.0","428","106","0","0","0","1"
"366","1","110.0","855","122","1","0","0","0"
"370","1","40.0","750","107","1","0","0","0"
"526","1","25.0","291","140","1","0","0","0"
"639","1","50.0","173","46","0","1","0","0"
"678","2","75.0","306","100","0","0","0","1"
"830","1","50.0","331","47","1","0","0","0"
"947","2","150.0","701","113","0","0","0","1"
"955","1","55.0","846","147","1","0","0","0"
"210","2","65.0","308","141","0","0","0","1"
"214","5","315.0","445","67","0","0","0","1"
"331","2","95.0","294","105","0","0","0","1"
"362","1","110.0","494","101","1","0","0","0"
"491","2","125.0","20","116","0","0","1","0"
"522","3","235.0","538","95","0","0","0","1"
"791","3","255.0","313","89","0","0","0","1"
"799","1","55.0","713","101","1","0","0","0"
"803","2","185.0","69","134","0","0","1","0"
"826","4","150.0","411","138","0","0","0","1"
"39","2","220.0","385","118","0","0","0","1"
"156","1","70.0","493","139","1","0","0","0"
"164","2","90.0","339","78","0","0","0","1"
"191","4","200.0","157","117","0","0","1","0"
"195","0","0.0","-1","74","0","0","0","0"
"312","1","55.0","525","75","1","0","0","0"
"507","4","225.0","559","139","0","0","0","1"
"624","2","90.0","200","69","0","0","0","1"
"741","1","55.0","179","135","0","1","0","0"
"784","4","310.0","83","52","0","0","1","0"
"932","3","185.0","265","56","0","0","0","1"
"43","1","25.0","879","125","1","0","0","0"
"187","0","0.0","-1","74","0","0","0","0"
"199","2","115.0","433","89","0","0","0","1"
"464","5","340.0","119","121","0","0","1","0"
"472","0","0.0","-1","109","0","0","0","0"
"503","1","75.0","508","72","1","0","0","0"
"585","2","180.0","443","106","0","0","0","1"
"772","0","0.0","-1","-1","0","0","0","0"
"776","2","145.0","807","135","0","0","0","1"
"80","3","100.0","342","126","0","0","0","1"
"88","5","225.0","191","123","0","0","0","1"
"236","2","130.0","226","119","0","0","0","1"
"244","2","145.0","450","61","0","0","0","1"
"275","2","140.0","596","88","0","0","0","1"
"392","2","95.0","317","112","0","0","0","1"
"396","2","90.0","505","72","0","0","0","1"
"509","0","0.0","-1","-1","0","0","0","0"
"552","3","100.0","209","134","0","0","0","1"
"700","0","0.0","-1","49","0","0","0","0"
"821","2","125.0","109","36","0","0","1","0"
"856","2","165.0","358","124","0","0","0","1"
"233","1","55.0","520","134","1","0","0","0"
"385","3","145.0","62","82","0","0","1","0"
"510","1","110.0","839","119","1","0","0","0"
"537","2","65.0","343","119","0","0","0","1"
"541","0","0.0","-1","111","0","0","0","0"
"666","2","95.0","433","121","0","0","0","1"
"693","1","70.0","586","83","1","0","0","0"
"814","2","45.0","254","78","0","0","0","1"
"970","3","140.0","273","92","0","0","0","1"
"1001","4","195.0","312","99","0","0","0","1"
"1005","3","145.0","154","84","0","0","1","0"
"73","0","0.0","-1","148","0","0","0","0"
"77","1","40.0","926","149","1","0","0","0"
"81","3","115.0","418","54","0","0","0","1"
"108","2","165.0","254","75","0","0","0","1"
"112","1","25.0","424","114","1","0","0","0"
"194","2","125.0","737","141","0","0","0","1"
"229","5","305.0","275","108","0","0","0","1"
"506","1","50.0","921","133","1","0","0","0"
"849","1","25.0","848","126","1","0","0","0"
"205","4","295.0","80","138","0","0","1","0"
"232","0","0.0","-1","-1","0","0","0","0"
"240","1","20.0","263","37","1","0","0","0"
"357","4","155.0","308","130","0","0","0","1"
"513","1","55.0","747","130","1","0","0","0"
"548","2","95.0","541","87","0","0","0","1"
"665","0","0.0","-1","53","0","0","0","0"
"704","9","480.0","164","123","0","0","1","0"
"786","6","310.0","524","59","0","0","0","1"
"860","0","0.0","-1","-1","0","0","0","0"
"977","0","0.0","-1","142","0","0","0","0"
"201","2","75.0","183","115","0","0","0","1"
"209","4","170.0","349","53","0","0","0","1"
"388","2","150.0","277","137","0","0","0","1"
"669","1","70.0","343","49","1","0","0","0"
"45","2","60.0","353","61","0","0","0","1"
"84","1","70.0","520","94","1","0","0","0"
"361","4","255.0","258","68","0","0","0","1"
"673","2","80.0","257","146","0","0","0","1"
"817","1","50.0","851","109","1","0","0","0"
"825","1","70.0","705","95","1","0","0","0"
"829","6","410.0","182","146","0","0","0","1"
"973","3","155.0","462","78","0","0","0","1"
"981","4","255.0","225","65","0","0","0","1"
"104","2","150.0","68","122","0","0","1","0"
"139","1","110.0","798","114","1","0","0","0"
"260","3","180.0","221","69","0","0","0","1"
"299","1","75.0","360","126","1","0","0","0"
"424","2","125.0","143","121","0","0","1","0"
"568","0","0.0","-1","149","0","0","0","0"
"728","3","155.0","287","137","0","0","0","1"
"845","0","0.0","-1","68","0","0","0","0"
"42","1","20.0","916","130","1","0","0","0"
"46","1","20.0","366","50","1","0","0","0"
"237","0","0.0","-1","76","0","0","0","0"
"545","1","40.0","152","21","0","1","0","0"
"576","3","140.0","69","78","0","0","1","0"
"689","4","175.0","338","62","0","0","0","1"
"697","2","95.0","740","148","0","0","0","1"
"818","2","70.0","254","126","0","0","0","1"
"966","2","145.0","641","120","0","0","0","1"
"225","1","110.0","324","104","1","0","0","0"
"381","3","170.0","206","79","0","0","0","1"
"389","4","170.0","364","47","0","0","0","1"
"502","5","255.0","421","104","0","0","0","1"
"514","3","295.0","367","90","0","0","0","1"
"658","4","490.0","363","66","0","0","0","1"
"662","1","110.0","751","83","1","0","0","0"
"810","2","185.0","673","104","0","0","0","1"
"853","4","160.0","484","89","0","0","0","1"
"974","2","80.0","467","54","0","0","0","1"
"1009","3","150.0","310","146","0","0","0","1"
"277","1","110.0","792","80","1","0","0","0"
"281","0","0.0","-1","120","0","0","0","0"
"320","0","0.0","-1","75","0","0","0","0"
"554","0","0.0","-1","90","0","0","0","0"
"122","1","50.0","484","69","1","0","0","0"
"243","0","0.0","-1","95","0","0","0","0"
"270","3","245.0","199","104","0","0","0","1"
"278","3","210.0","112","87","0","0","1","0"
"313","1","75.0","409","52","1","0","0","0"
"430","1","55.0","733","104","1","0","0","0"
"711","2","180.0","331","60","0","0","0","1"
"738","5","350.0","620","115","0","0","0","1"
"855","1","20.0","209","56","1","0","0","0"
"898","5","370.0","107","127","0","0","1","0"
"1011","2","150.0","756","65","0","0","0","1"
"1019","0","0.0","-1","-1","0","0","0","0"
"118","3","235.0","289","58","0","0","0","1"
"239","2","165.0","29","123","0","0","1","0"
"274","0","0.0","-1","55","0","0","0","0"
"426","1","25.0","483","103","1","0","0","0"
"582","2","150.0","384","86","0","0","0","1"
"703","2","95.0","250","92","0","0","0","1"
"859","1","70.0","709","100","1","0","0","0"
"863","0","0.0","-1","-1","0","0","0","0"
"155","0","0.0","-1","-1","0","0","0","0"
"190","3","170.0","153","102","0","0","1","0"
"272","2","75.0","259","144","0","0","0","1"
"311","3","145.0","238","137","0","0","0","1"
"432","3","140.0","368","108","0","0","0","1"
"467","3","160.0","466","116","0","0","0","1"
"615","3","215.0","433","97","0","0","0","1"
"896","2","110.0","363","103","0","0","0","1"
"342","1","50.0","900","128","1","0","0","0"
"428","2","105.0","246","59","0","0","0","1"
"623","1","25.0","418","105","1","0","0","0"
"736","3","150.0","379","135","0","0","0","1"
"767","1","75.0","669","68","1","0","0","0"
"888","4","215.0","304","126","0","0","0","1"
"892","1","50.0","119","115","0","1","0","0"
"276","3","175.0","463","99","0","0","0","1"
"303","3","200.0","158","77","0","0","1","0"
"463","0","0.0","-1","-1","0","0","0","0"
"580","2","80.0","575","91","0","0","0","1"
"740","1","55.0","685","50","1","0","0","0"
"927","3","125.0","415","145","0","0","0","1"
"931","3","100.0","428","60","0","0","0","1"
"33","6","300.0","219","88","0","0","0","1"
"72","2","125.0","628","108","0","0","0","1"
"228","3","120.0","253","134","0","0","0","1"
"345","3","130.0","347","57","0","0","0","1"
"384","1","25.0","512","65","1","0","0","0"
"501","2","75.0","241","128","0","0","0","1"
"653","1","50.0","868","124","1","0","0","0"
"661","2","95.0","140","108","0","0","1","0"
"809","0","0.0","-1","60","0","0","0","0"
"930","1","70.0","697","99","1","0","0","0"
"147","1","20.0","468","86","1","0","0","0"
"264","3","165.0","723","134","0","0","0","1"
"420","4","220.0","262","64","0","0","0","1"
"607","1","50.0","505","131","1","0","0","0"
"720","3","200.0","259","73","0","0","0","1"
"884","3","180.0","113","104","0","0","1","0"
"1032","0","0.0","-1","-1","0","0","0","0"
"268","1","55.0","460","87","1","0","0","0"
"295","1","25.0","986","76","1","0","0","0"
"334","2","165.0","94","47","0","0","1","0"
"455","1","55.0","528","75","1","0","0","0"
"724","1","110.0","397","87","1","0","0","0"
"1036","0","0.0","-1","140","0","0","0","0"
"143","1","55.0","615","59","1","0","0","0"
"291","3","160.0","184","52","0","0","0","1"
"412","1","50.0","231","55","1","0","0","0"
"416","0","0.0","-1","76","0","0","0","0"
"451","5","330.0","244","146","0","0","0","1"
"572","2","110.0","133","154","0","0","1","0"
"732","0","0.0","-1","120","0","0","0","0"
"759","1","70.0","239","34","1","0","0","0"
"763","2","80.0","458","131","0","0","0","1"
"876","3","110.0","504","94","0","0","0","1"
"880","2","130.0","580","112","0","0","0","1"
"997","3","115.0","365","50","0","0","0","1"
"216","7","555.0","119","49","0","0","1","0"
"329","0","0.0","-1","118","0","0","0","0"
"333","0","0.0","-1","-1","0","0","0","0"
"450","1","75.0","937","133","1","0","0","0"
"489","3","170.0","206","46","0","0","0","1"
"614","1","20.0","515","51","1","0","0","0"
"801","2","130.0","366","56","0","0","0","1"
"918","1","75.0","703","100","1","0","0","0"
"21","0","0.0","-1","54","0","0","0","0"
"64","3","115.0","81","105","0","0","1","0"
"142","2","135.0","580","149","0","0","0","1"
"181","3","130.0","429","104","0","0","0","1"
"302","1","25.0","805","106","1","0","0","0"
"454","2","125.0","439","97","0","0","0","1"
"762","1","50.0","762","120","1","0","0","0"
"793","1","50.0","243","81","1","0","0","0"
"914","1","40.0","742","90","1","0","0","0"
"922","2","75.0","152","81","0","0","1","0"
"71","4","310.0","628","54","0","0","0","1"
"383","3","180.0","247","118","0","0","0","1"
"422","3","200.0","300","70","0","0","0","1"
"535","2","125.0","64","102","0","0","1","0"
"539","3","140.0","247","79","0","0","0","1"
"574","2","185.0","168","145","0","0","1","0"
"691","1","20.0","600","85","1","0","0","0"
"722","1","40.0","335","47","1","0","0","0"
"726","0","0.0","-1","95","0","0","0","0"
"1007","1","40.0","359","51","1","0","0","0"
"110","0","0.0","-1","89","0","0","0","0"
"114","2","165.0","816","136","0","0","0","1"
"227","3","80.0","508","69","0","0","0","1"
"262","1","110.0","930","140","1","0","0","0"
"570","4","190.0","53","55","0","0","1","0"
"578","2","165.0","133","96","0","0","1","0"
"699","3","220.0","648","118","0","0","0","1"
"730","1","25.0","607","123","1","0","0","0"
"843","2","45.0","311","69","0","0","0","1"
"851","2","90.0","329","93","0","0","0","1"
"4","4","305.0","618","114","0","0","0","1"
"8","2","110.0","513","114","0","0","0","1"
"90","4","275.0","240","118","0","0","0","1"
"433","2","185.0","405","144","0","0","0","1"
"437","4","140.0","367","112","0","0","0","1"
"441","2","105.0","173","82","0","0","1","0"
"597","6","405.0","253","84","0","0","0","1"
"745","0","0.0","-1","59","0","0","0","0"
"905","2","80.0","528","83","0","0","0","1"
"133","0","0.0","-1","-1","0","0","0","0"
"406","1","50.0","294","117","1","0","0","0"
"593","2","95.0","503","65","0","0","0","1"
"710","3","165.0","326","72","0","0","0","1"
"862","3","85.0","144","89","0","0","1","0"
"866","1","20.0","418","130","1","0","0","0"
"870","0","0.0","-1","-1","0","0","0","0"
"897","0","0.0","-1","72","0","0","0","0"
"1018","0","0.0","-1","-1","0","0","0","0"
"1022","0","0.0","-1","-1","0","0","0","0"
"106","0","0.0","-1","-1","0","0","0","0"
"231","3","150.0","632","123","0","0","0","1"
"235","1","25.0","694","116","1","0","0","0"
"258","1","75.0","803","114","1","0","0","0"
"266","1","110.0","272","125","1","0","0","0"
"418","0","0.0","-1","65","0","0","0","0"
"543","0","0.0","-1","-1","0","0","0","0"
"656","1","110.0","454","128","1","0","0","0"
"1003","3","140.0","431","84","0","0","0","1"
"12","0","0.0","-1","90","0","0","0","0"
"125","1","70.0","742","106","1","0","0","0"
"129","2","60.0","254","85","0","0","0","1"
"285","1","40.0","114","78","0","1","0","0"
"289","0","0.0","-1","67","0","0","0","0"
"402","3","175.0","378","101","0","0","0","1"
"558","2","120.0","701","82","0","0","0","1"
"749","3","125.0","451","105","0","0","0","1"
"874","3","120.0","502","62","0","0","0","1"
"901","3","130.0","218","92","0","0","0","1"
"9","0","0.0","-1","31","0","0","0","0"
"17","0","0.0","-1","-1","0","0","0","0"
"130","0","0.0","-1","101","0","0","0","0"
"290","0","0.0","-1","-1","0","0","0","0"
"750","0","0.0","-1","87","0","0","0","0"
"758","0","0.0","-1","-1","0","0","0","0"
"785","5","335.0","160","134","0","0","1","0"
"871","1","40.0","951","96","1","0","0","0"
"902","2","165.0","473","46","0","0","0","1"
"906","4","175.0","399","61","0","0","0","1"
"1","0","0.0","-1","-1","0","0","0","0"
"157","3","205.0","296","100","0","0","0","1"
"309","2","65.0","624","95","0","0","0","1"
"590","1","50.0","955","136","1","0","0","0"
"1015","1","70.0","700","100","1","0","0","0"
"13","0","0.0","-1","25","0","0","0","0"
"161","2","135.0","336","137","0","0","0","1"
"165","2","75.0","700","92","0","0","0","1"
"169","1","40.0","477","68","1","0","0","0"
"173","1","55.0","579","103","1","0","0","0"
"286","1","75.0","855","130","1","0","0","0"
"438","1","55.0","703","48","1","0","0","0"
"598","0","0.0","-1","143","0","0","0","0"
"719","6","245.0","205","130","0","0","0","1"
"789","1","110.0","572","82","1","0","0","0"
"5","0","0.0","-1","-1","0","0","0","0"
"126","6","350.0","28","97","0","0","1","0"
"153","2","130.0","691","142","0","0","0","1"
"282","3","145.0","457","124","0","0","0","1"
"434","4","265.0","305","59","0","0","0","1"
"586","3","105.0","164","125","0","0","1","0"
"707","3","225.0","450","134","0","0","0","1"
"734","4","200.0","175","46","0","0","1","0"
"742","0","0.0","-1","57","0","0","0","0"
"24","4","225.0","500","125","0","0","0","1"
"176","1","110.0","267","38","1","0","0","0"
"293","1","55.0","788","112","1","0","0","0"
"297","2","140.0","475","80","0","0","0","1"
"301","1","70.0","670","146","1","0","0","0"
"332","2","95.0","345","52","0","0","0","1"
"414","2","65.0","723","86","0","0","0","1"
"445","3","220.0","448","95","0","0","0","1"
"484","1","55.0","924","98","1","0","0","0"
"609","2","120.0","664","115","0","0","0","1"
"796","3","170.0","519","120","0","0","0","1"
"878","2","90.0","235","92","0","0","0","1"
"1030","0","0.0","-1","-1","0","0","0","0"
"20","2","80.0","511","108","0","0","0","1"
"141","5","295.0","153","53","0","0","1","0"
"488","2","75.0","397","68","0","0","0","1"
"757","0","0.0","-1","-1","0","0","0","0"
"886","1","55.0","539","77","1","0","0","0"
"909","1","40.0","464","79","1","0","0","0"
"3","0","0.0","-1","-1","0","0","0","0"
"151","1","40.0","899","56","1","0","0","0"
"159","3","170.0","175","131","0","0","1","0"
"280","2","70.0","547","96","0","0","0","1"
"307","0","0.0","-1","-1","0","0","0","0"
"346","1","75.0","645","51","1","0","0","0"
"459","1","110.0","546","130","1","0","0","0"
"619","2","110.0","378","100","0","0","0","1"
"744","1","70.0","800","65","1","0","0","0"
"771","1","110.0","58","8","0","1","0","0"
"775","2","90.0","553","75","0","0","0","1"
"37","1","110.0","311","73","1","0","0","0"
"76","2","145.0","494","89","0","0","0","1"
"310","2","45.0","560","91","0","0","0","1"
"380","2","45.0","118","30","0","0","1","0"
"497","2","100.0","576","110","0","0","0","1"
"657","1","55.0","801","55","1","0","0","0"
"774","4","280.0","339","132","0","0","0","1"
"778","2","75.0","273","78","0","0","0","1"
"813","4","170.0","459","124","0","0","0","1"
"969","2","185.0","715","110","0","0","0","1"
"189","1","70.0","636","145","1","0","0","0"
"197","0","0.0","-1","74","0","0","0","0"
"220","0","0.0","-1","81","0","0","0","0"
"224","0","0.0","-1","-1","0","0","0","0"
"341","2","135.0","381","116","0","0","0","1"
"353","4","220.0","659","122","0","0","0","1"
"505","2","160.0","670","61","0","0","0","1"
"692","2","100.0","643","113","0","0","0","1"
"965","2","60.0","404","122","0","0","0","1"
"193","1","70.0","182","122","1","0","0","0"
"349","2","100.0","287","82","0","0","0","1"
"805","3","115.0","404","113","0","0","0","1"
"926","2","125.0","671","94","0","0","0","1"
"185","3","155.0","85","54","0","0","1","0"
"298","5","335.0","318","119","0","0","0","1"
"606","4","180.0","194","111","0","0","0","1"
"610","4","120.0","370","101","0","0","0","1"
"637","1","70.0","205","53","1","0","0","0"
"641","3","195.0","341","92","0","0","0","1"
"645","0","0.0","-1","107","0","0","0","0"
"649","2","115.0","304","142","0","0","0","1"
"766","1","40.0","431","65","1","0","0","0"
"29","4","170.0","292","119","0","0","0","1"
"177","2","70.0","770","68","0","0","0","1"
"337","1","55.0","438","62","1","0","0","0"
"493","2","160.0","577","99","0","0","0","1"
"727","1","25.0","756","71","1","0","0","0"
"770","0","0.0","-1","87","0","0","0","0"
"797","1","25.0","429","61","1","0","0","0"
"957","2","165.0","689","134","0","0","0","1"
"135","5","215.0","69","120","0","0","1","0"
"170","3","165.0","114","98","0","0","1","0"
"326","5","190.0","161","72","0","0","1","0"
"330","1","25.0","790","112","1","0","0","0"
"517","3","130.0","249","116","0","0","0","1"
"599","2","90.0","596","116","0","0","0","1"
"630","0","0.0","-1","65","0","0","0","0"
"755","1","110.0","965","99","1","0","0","0"
"790","2","150.0","391","73","0","0","0","1"
"911","1","75.0","662","134","1","0","0","0"
"22","3","205.0","252","88","0","0","0","1"
"174","1","40.0","301","43","1","0","0","0"
"486","2","120.0","576","55","0","0","0","1"
"603","0","0.0","-1","-1","0","0","0","0"
"794","1","55.0","628","93","1","0","0","0"
"7","0","0.0","-1","69","0","0","0","0"
"11","0","0.0","-1","144","0","0","0","0"
"15","0","0.0","-1","25","0","0","0","0"
"163","4","305.0","223","99","0","0","0","1"
"900","0","0.0","-1","89","0","0","0","0"
"904","3","260.0","199","129","0","0","0","1"
"935","2","220.0","218","128","0","0","0","1"
"939","1","55.0","624","119","1","0","0","0"
"284","1","50.0","608","86","1","0","0","0"
"319","0","0.0","-1","-1","0","0","0","0"
"354","3","200.0","266","79","0","0","0","1"
"627","6","340.0","358","55","0","0","0","1"
"635","1","75.0","587","83","1","0","0","0"
"752","2","100.0","259","100","0","0","0","1"
"783","1","55.0","896","50","1","0","0","0"
"943","0","0.0","-1","96","0","0","0","0"
"138","4","235.0","226","101","0","0","0","1"
"294","0","0.0","-1","73","0","0","0","0"
"442","1","25.0","686","55","1","0","0","0"
"594","3","150.0","382","56","0","0","0","1"
"602","3","140.0","367","108","0","0","0","1"
"633","1","70.0","197","63","1","0","0","0"
"715","2","95.0","278","64","0","0","0","1"
"754","2","65.0","437","124","0","0","0","1"
"910","1","55.0","784","112","1","0","0","0"
"16","1","70.0","599","121","1","0","0","0"
"480","3","165.0","380","108","0","0","0","1"
"605","1","110.0","985","51","1","0","0","0"
"761","0","0.0","-1","125","0","0","0","0"
"882","2","95.0","679","120","0","0","0","1"
"913","0","0.0","-1","-1","0","0","0","0"
"145","1","70.0","421","46","1","0","0","0"
"695","1","55.0","739","56","1","0","0","0"
"847","3","260.0","309","91","0","0","0","1"
"999","8","585.0","160","150","0","0","1","0"
"137","2","80.0","521","117","0","0","0","1"
"328","3","205.0","242","114","0","0","0","1"
"449","4","225.0","363","145","0","0","0","1"
"453","1","110.0","158","22","0","1","0","0"
"566","2","145.0","55","24","0","0","1","0"
"601","3","135.0","197","124","0","0","0","1"
"753","2","95.0","216","92","0","0","0","1"
"917","7","430.0","176","141","0","0","1","0"
"1034","0","0.0","-1","56","0","0","0","0"
"78","0","0.0","-1","122","0","0","0","0"
"121","4","185.0","136","129","0","0","1","0"
"234","1","70.0","68","46","0","1","0","0"
"386","4","105.0","263","134","0","0","0","1"
"819","2","180.0","115","136","0","0","1","0"
"850","3","205.0","353","93","0","0","0","1"
"117","1","55.0","672","146","1","0","0","0"
"273","0","0.0","-1","90","0","0","0","0"
"702","4","275.0","440","110","0","0","0","1"
"823","1","50.0","428","77","1","0","0","0"
"889","1","55.0","706","100","1","0","0","0"
"893","5","300.0","55","56","0","0","1","0"
"134","3","100.0","101","112","0","0","1","0"
"317","4","340.0","517","68","0","0","0","1"
"321","1","25.0","286","74","1","0","0","0"
"325","0","0.0","-1","93","0","0","0","0"
"446","0","0.0","-1","119","0","0","0","0"
"481","2","115.0","159","95","0","0","1","0"
"629","1","25.0","295","132","1","0","0","0"
"746","3","120.0","300","95","0","0","0","1"
"14","2","90.0","529","112","0","0","0","1"
"18","4","365.0","584","98","0","0","0","1"
"53","3","290.0","254","105","0","0","0","1"
"57","1","20.0","126","54","0","1","0","0"
"322","1","20.0","944","134","1","0","0","0"
"478","2","95.0","333","90","0","0","0","1"
"482","2","115.0","410","117","0","0","0","1"
"634","4","155.0","34","88","0","0","1","0"
"638","2","95.0","307","69","0","0","0","1"
"919","2","130.0","351","114","0","0","0","1"
"946","1","75.0","424","65","1","0","0","0"
"423","6","320.0","478","111","0","0","0","1"
"458","0","0.0","-1","-1","0","0","0","0"
"731","1","50.0","188","61","1","0","0","0"
"739","2","165.0","585","91","0","0","0","1"
"852","2","75.0","342","113","0","0","0","1"
"1035","0","0.0","-1","-2","0","0","0","0"
"119","2","75.0","644","109","0","0","0","1"
"146","3","205.0","446","58","0","0","0","1"
"150","0","0.0","-1","53","0","0","0","0"
"462","2","65.0","86","136","0","0","1","0"
"575","1","25.0","865","76","1","0","0","0"
"579","2","120.0","230","106","0","0","0","1"
"583","2","65.0","208","55","0","0","0","1"
"429","3","120.0","277","106","0","0","0","1"
"542","3","120.0","414","138","0","0","0","1"
"737","1","25.0","854","122","1","0","0","0"
"854","1","20.0","803","98","1","0","0","0"
"971","3","150.0","369","46","0","0","0","1"
"975","1","20.0","182","79","1","0","0","0"
"82","3","200.0","137","85","0","0","1","0"
"269","3","165.0","131","103","0","0","1","0"
"355","3","150.0","36","103","0","0","1","0"
"390","2","95.0","401","96","0","0","0","1"
"394","3","150.0","407","120","0","0","0","1"
"398","2","135.0","483","117","0","0","0","1"
"421","2","110.0","625","139","0","0","0","1"
"425","1","55.0","974","86","1","0","0","0"
"546","2","60.0","223","148","0","0","0","1"
"550","1","110.0","363","107","1","0","0","0"
"698","0","0.0","-1","-1","0","0","0","0"
"706","6","345.0","301","133","0","0","0","1"
"858","3","145.0","263","128","0","0","0","1"
"1010","0","0.0","-1","142","0","0","0","0"
"1014","0","0.0","-1","-1","0","0","0","0"
"50","2","95.0","254","77","0","0","0","1"
"202","3","155.0","327","81","0","0","0","1"
"323","1","75.0","765","109","1","0","0","0"
"327","1","20.0","763","57","1","0","0","0"
"350","3","205.0","497","94","0","0","0","1"
"358","2","75.0","28","70","0","0","1","0"
"471","2","115.0","243","116","0","0","0","1"
"475","2","65.0","489","76","0","0","0","1"
"748","3","250.0","434","117","0","0","0","1"
"779","0","0.0","-1","53","0","0","0","0"
"787","2","90.0","494","118","0","0","0","1"
"198","3","165.0","272","118","0","0","0","1"
"315","1","50.0","483","55","1","0","0","0"
"479","2","90.0","600","128","0","0","0","1"
"631","2","95.0","455","128","0","0","0","1"
"756","2","150.0","202","125","0","0","0","1"
"822","3","125.0","157","114","0","0","1","0"
"908","2","90.0","268","103","0","0","0","1"
"49","0","0.0","-1","114","0","0","0","0"
"178","4","155.0","247","121","0","0","0","1"
"365","5","300.0","172","113","0","0","1","0"
"447","1","55.0","691","99","1","0","0","0"
"642","2","105.0","246","76","0","0","0","1"
"907","4","260.0","227","143","0","0","0","1"
"915","0","0.0","-1","127","0","0","0","0"
"942","1","55.0","295","60","1","0","0","0"
"950","0","0.0","-1","-1","0","0","0","0"
"111","3","110.0","269","146","0","0","0","1"
"267","2","60.0","352","96","0","0","0","1"
"271","4","215.0","93","85","0","0","1","0"
"419","2","100.0","198","54","0","0","0","1"
"540","4","295.0","217","128","0","0","0","1"
"696","2","160.0","338","52","0","0","0","1"
"887","2","135.0","270","128","0","0","0","1"
"1012","0","0.0","-1","-1","0","0","0","0"
"115","1","110.0","691","98","1","0","0","0"
"154","0","0.0","-1","140","0","0","0","0"
"306","1","75.0","485","69","1","0","0","0"
"427","2","95.0","74","88","0","0","1","0"
"544","1","75.0","641","91","1","0","0","0"
"735","5","415.0","351","118","0","0","0","1"
"883","1","55.0","332","52","1","0","0","0"
"891","3","100.0","206","63","0","0","0","1"
"47","2","110.0","670","106","0","0","0","1"
"168","2","130.0","157","93","0","0","1","0"
"359","1","75.0","693","99","1","0","0","0"
"667","2","130.0","271","109","0","0","0","1"
"788","1","40.0","651","47","1","0","0","0"
"979","2","130.0","314","48","0","0","0","1"
"983","1","25.0","254","36","1","0","0","0"
"86","2","80.0","353","55","0","0","0","1"
"203","3","200.0","67","83","0","0","1","0"
"207","2","105.0","638","56","0","0","0","1"
"476","0","0.0","-1","-1","0","0","0","0"
"515","0","0.0","-1","121","0","0","0","0"
"519","0","0.0","-1","137","0","0","0","0"
"55","1","25.0","670","46","1","0","0","0"
"172","1","55.0","288","124","1","0","0","0"
"238","3","175.0","463","101","0","0","0","1"
"324","4","150.0","476","116","0","0","0","1"
"363","1","55.0","471","48","1","0","0","0"
"511","3","130.0","161","52","0","0","1","0"
"640","1","55.0","892","60","1","0","0","0"
"792","1","50.0","452","136","1","0","0","0"
"827","0","0.0","-1","-1","0","0","0","0"
"940","1","40.0","369","52","1","0","0","0"
"944","2","45.0","330","75","0","0","0","1"
"51","1","40.0","579","80","1","0","0","0"
"211","2","180.0","641","128","0","0","0","1"
"242","3","85.0","178","146","0","0","1","0"
"632","0","0.0","-1","-1","0","0","0","0"
"636","1","75.0","628","98","1","0","0","0"
"663","4","190.0","514","68","0","0","0","1"
"671","1","50.0","388","55","1","0","0","0"
"948","1","50.0","677","96","1","0","0","0"
"10","2","125.0","826","94","0","0","0","1"
"41","2","60.0","313","69","0","0","0","1"
"431","3","205.0","298","99","0","0","0","1"
"466","1","110.0","692","67","1","0","0","0"
"591","1","70.0","93","63","0","1","0","0"
"782","3","225.0","151","140","0","0","1","0"
"1020","0","0.0","-1","36","0","0","0","0"
"6","0","0.0","-1","122","0","0","0","0"
"127","2","180.0","615","108","0","0","0","1"
"279","0","0.0","-1","83","0","0","0","0"
"435","2","90.0","150","61","0","0","1","0"
"439","3","200.0","258","93","0","0","0","1"
"470","0","0.0","-1","76","0","0","0","0"
"587","1","75.0","46","6","0","1","0","0"
"595","0","0.0","-1","-1","0","0","0","0"
"622","2","80.0","635","121","0","0","0","1"
"899","2","60.0","389","86","0","0","0","1"
"903","1","25.0","856","144","1","0","0","0"
"938","1","25.0","743","106","1","0","0","0"
"2","4","170.0","252","119","0","0","0","1"
"158","2","140.0","459","98","0","0","0","1"
"162","1","50.0","416","107","1","0","0","0"
"314","5","270.0","501","114","0","0","0","1"
"318","3","170.0","385","110","0","0","0","1"
"443","3","160.0","309","112","0","0","0","1"
"474","1","70.0","874","129","1","0","0","0"
"618","1","70.0","438","62","1","0","0","0"
"626","2","125.0","265","108","0","0","0","1"
"743","1","40.0","346","49","1","0","0","0"
"747","3","90.0","367","78","0","0","0","1"
"1016","0","0.0","-1","114","0","0","0","0"
"123","2","100.0","69","63","0","0","1","0"
"166","4","310.0","287","112","0","0","0","1"
"895","4","280.0","62","95","0","0","1","0"
"934","2","75.0","362","48","0","0","0","1"
